,title,discountPriceInfo_0_originalRetailPrice_0___value__,isMultiVariationListing,listingInfo_0_watchCount,returnsAccepted,sellingStatus_0_convertedCurrentPrice_0___value__,shippingInfo_0_handlingTime,shippingInfo_0_oneDayShippingAvailable,shippingInfo_0_shippingServiceCost_0___value__,topRatedListing,Discount_amount,DiscountPercentage,condition_0_conditionDisplayName_Excellent - Refurbished,condition_0_conditionDisplayName_For parts or not working,condition_0_conditionDisplayName_Good - Refurbished,condition_0_conditionDisplayName_New,condition_0_conditionDisplayName_Open box,condition_0_conditionDisplayName_Used,condition_0_conditionDisplayName_Very Good - Refurbished,primaryCategory_0_categoryName_Cell Phones & Smartphones,primaryCategory_0_categoryName_Memory Cards,"primaryCategory_0_categoryName_Mice, Trackballs & Touchpads",primaryCategory_0_categoryName_PC Laptops & Netbooks,Normalized_Discount,Demand_Score
0,"HP - 14"" Laptop - Intel Celeron - 4GB Memory - 64GB eMMC - Snowflake White",179.99,0,556,1,179.99,2,1,0.0,0,0.0,0.0,False,False,False,True,False,False,False,False,False,False,True,0.0,277.999999861
1,Dell Latitude 3190 Windows 11 - Laptop 2-in-1 / 64GB / 4GB DDR4 / INTEL 1.1GHZ !,79.0,0,1498,1,79.0,1,0,0.0,1,0.0,0.0,False,False,False,False,False,True,False,False,False,False,True,0.0,1497.999998502
2,"Lenovo - IdeaPad 3i Chromebook 15.6"" FHD Laptop - Intel Celeron - 4GB Memory ...",249.0,0,207,1,119.0,2,1,0.0,0,130.0,52.20883534136546,False,False,False,True,False,False,False,False,False,False,True,0.5220883534115579,103.49999994825
3,"HP EliteBook 840 G5 14"" i5-8250U 1.7GHz / 8GB RAM / 256GB SSD Win 10 Pro w/ PWR",139.99,0,25,1,139.99,1,0,0.0,0,0.0,0.0,False,False,False,False,False,True,False,False,False,False,True,0.0,24.999999974999998
4,"Lenovo Ideapad 1i 15.6"" FHD Touchscreen Laptop - Intel Core i3-1215U with 8GB...",499.99,0,531,1,499.99,2,1,0.0,0,0.0,0.0,False,False,False,True,False,False,False,False,False,False,True,0.0,265.49999986725
5,"Dell Latitude 5400 14"" Chromebook P98G005 w/Cel 2.20GHz/4GB/128GB - Good",120.0,0,176,1,49.0,1,0,0.0,0,71.0,59.16666666666666,False,False,True,False,False,False,False,False,False,False,True,0.5916666666617361,175.99999982399999
6,Dell Latitude Laptop Light Gaming PC Core i7 16GB RAM 512GB SSD Windows 11 Pro,266.5,0,3172,1,266.5,2,0,0.0,0,0.0,0.0,True,False,False,False,False,False,False,False,False,False,True,0.0,1585.999999207
7,Hp ZBook 15 G6 # Intel i7-9850H 2.60Ghz 32gb RAM Gaming Laptop *Read* B13B20B22,129.99,0,37,1,129.99,1,0,0.0,0,0.0,0.0,False,False,False,False,False,True,False,False,False,False,True,0.0,36.999999963
8,"HP - 15.6"" Touch-Screen Laptop - Intel Core i3 - 8GB Memory - 256GB SSD - Nat...",499.99,0,59,1,279.99,2,1,0.0,0,220.0,44.00088001760035,False,False,False,True,False,False,False,False,False,False,True,0.4400088001751235,29.49999998525
9,"Dell Latitude 7390 Laptop 13.3"" Laptop Intel Core i5 8GB 128GB SSD Windows 11",105.0,0,460,1,105.0,1,0,0.0,1,0.0,0.0,False,False,False,False,False,True,False,False,False,False,True,0.0,459.99999954
10,Dell - Inspiron 2-in-1 14IPS LED FHD+ Touch Screen Laptop Intel Core 5 wi...,749.99,0,628,1,449.99,2,1,0.0,0,300.0,40.00053334044454,False,False,False,True,False,False,False,False,False,False,True,0.40000533340391203,313.999999843
11,"Lenovo Chromebook 300e 2nd Gen 11.6"" 2in1 Laptop - 2.1GHz CPU 4GB TOUCHSCREEN A",55.0,0,1341,1,55.0,1,0,0.0,1,0.0,0.0,False,False,False,False,False,True,False,False,False,False,True,0.0,1340.9999986589999
12,"Dell Latitude 14"" FHD Core i5 Laptop PC Computer Windows 11 16GB RAM 512GB SSD",254.64,0,2229,1,254.64,2,0,0.0,0,0.0,0.0,True,False,False,False,False,False,False,False,False,False,True,0.0,1114.4999994427499
13,"Acer Chromebook 311 11.6"" C722-K4CN MT8183 2GHz 4GB RAM 32GB",36.0,0,195,0,36.0,3,0,0.0,0,0.0,0.0,False,False,False,False,False,True,False,False,False,False,True,0.0,64.99999997833334
14,"Lenovo ThinkPad X1 Carbon Laptop Core i5 14"" 8GB RAM 256GB SSD Windows 10 HDMI",189.09,0,701,1,189.09,2,0,0.0,0,0.0,0.0,False,False,False,False,False,False,True,False,False,False,True,0.0,350.49999982475
15,Lenovo ThinkPad Yoga 11e Intel Core m3 CPU 8GB RAM 128GB SSD Win10 FAST C-GRADE!,54.0,0,464,1,54.0,1,0,0.0,1,0.0,0.0,False,False,False,False,False,True,False,False,False,False,True,0.0,463.99999953599996
16,"ASUS - Vivobook 14"" Laptop - Intel Core i3-1215U with 8GB Memory - 128GB SSD ...",429.99,0,470,1,429.99,2,1,0.0,0,0.0,0.0,False,False,False,True,False,False,False,False,False,False,True,0.0,234.9999998825
17,"HP 11 G4 11.6"" Chromebook  Intel 2.16 GHz 4GB RAM 16GB SSD HDMI USB Bumper",35.99,0,331,1,35.99,1,0,0.0,1,0.0,0.0,False,False,False,False,False,True,False,False,False,False,True,0.0,330.999999669
18,Lenovo N23 Winbook Laptop Intel 1.60 GHz 4GB Memory 64GB HD Touchscreen Win 10,89.99,1,225,1,89.99,1,0,0.0,1,0.0,0.0,False,False,False,False,False,False,True,False,False,False,True,0.0,224.999999775
19,Dell Latitude 5480 Laptop Intel Core i5 8GB RAM 128GB SSD Windows 11,94.0,0,297,1,94.0,1,0,0.0,1,0.0,0.0,False,False,False,False,False,True,False,False,False,False,True,0.0,296.99999970299996
20,"Dell Latitude 5430 i5-1245U 2.5GHz 8.0GB 256GB Win 11 Pro Laptop Notebook PC 14""",239.99,0,6,1,239.99,1,0,0.0,0,0.0,0.0,False,False,False,False,False,True,False,False,False,False,True,0.0,5.9999999939999995
21,"Dell Inspiron 15 3520 15.6"" 12th Gen Intel® Core™ i7-1255U 512 GB SSD 16 GB DDR4",599.99,0,336,1,449.99,3,0,0.0,0,150.0,25.000416673611227,False,False,False,True,False,False,False,False,False,False,True,0.2500041667356956,111.99999996266666
22,"Dell Latitude 3189 11.6"" 2-in-1 Touch Laptop Celeron 4GB 64GB SSD Windows 11 !!!",73.0,0,5806,1,73.0,1,0,0.0,1,0.0,0.0,False,False,False,False,False,True,False,False,False,False,True,0.0,5805.999994194
23,"ASUS 14"" FHD Laptop - Intel Pentium N6000 with 4GB Memory - 64GB eMMC - Star ...",229.99,0,45,1,119.99,2,1,0.0,0,110.0,47.82816644201922,False,False,False,True,False,False,False,False,False,False,True,0.4782816644181126,22.499999988749998
24,Acer Chromebook  Spin 11 R751T-C4XP N3350 1.1Ghz 4GB 32GB SSD (SEE PHOTOS),34.0,0,273,0,34.0,3,0,0.0,0,0.0,0.0,False,False,False,False,False,True,False,False,False,False,True,0.0,90.99999996966666
25,"Lenovo Thinkpad L14 G3 14"" Touch Laptop Ryzen 5 PRO 5675U 16GB 512GB SSD W11H",494.99,0,494,1,329.99,2,0,0.0,0,165.0,33.33400674761106,False,False,False,False,False,False,False,False,False,False,True,0.3333400674754372,246.9999998765
26,HP ProBook 450 G2 i5-5200U CPU@2.2GHz 8GB RAM 500GB HD H647,79.99,0,16,1,79.99,2,0,0.0,0,0.0,0.0,False,False,False,False,False,True,False,False,False,False,True,0.0,7.999999996
27,HP EliteBook 830 G7 FHD Laptop Intel Core i7-10610U 32GB RAM 256GB SSD Win11 Pro,759.98,0,172,1,299.89,1,0,0.0,1,460.09,60.53975104608016,False,False,False,False,False,False,False,False,False,False,True,0.605397510460005,171.999999828
28,"Lenovo - IdeaPad Slim 3 Chromebook Laptop - 14"" FHD Touchscreen Laptop - Medi...",319.0,0,323,1,169.0,2,1,0.0,0,150.0,47.02194357366771,False,False,False,True,False,False,False,False,False,False,True,0.4702194357352031,161.49999991925
29,"Getac V110 11.6"" Rugged Touch Screen Laptop I5 8GB RAM 128 SSD - USED (CC)",100.0,0,84,1,100.0,2,0,0.0,0,0.0,0.0,False,False,False,False,False,True,False,False,False,False,True,0.0,41.999999979
30,"Lenovo Thinkpad L13 Yoga G2 13"" Touchscreen Core i5-1145G7 16GB 256GB SSD W10P",449.99,0,122,1,299.99,2,0,0.0,0,150.0,33.334074090535346,False,False,False,False,False,False,False,False,False,False,True,0.3333407409046127,60.999999969499996
31,Microsoft Surface Pro 4 Intel Core i5-6300U 2.4GHz 4GB RAM 128GB SSD - See Desc.,72.9,0,252,0,72.9,1,0,0.0,0,0.0,0.0,False,False,False,False,False,True,False,False,False,False,True,0.0,251.999999748
32,"Dell Latitude 5490 14"" Laptop Intel Core i5 8GB RAM 128GB SSD Windows 11",105.0,0,35,1,105.0,1,0,0.0,1,0.0,0.0,False,False,False,False,False,True,False,False,False,False,True,0.0,34.999999965
33,"HP ELITEBOOK 840 G6 14"" Intel Core i5-8365U 1.60GHz 16GB RAM 256GB NVMe",169.99,0,55,1,169.99,2,0,0.0,0,0.0,0.0,False,False,False,False,False,True,False,False,False,False,True,0.0,27.49999998625
34,"ASUS - TUF 15.6"" Gaming Laptop - Intel Core i7 with 16GB Memory - NVIDIA GeFo...",1399.99,0,1037,1,999.99,2,1,0.0,0,400.0,28.57163265451896,False,False,False,True,False,False,False,False,False,False,True,0.2857163265449855,518.49999974075
35,"Laptop Dell Latitude 5410 14"" i5-10210U RAM 16GB, SSD 512GB  Win11Pro - Cam",159.12,0,47,1,159.12,3,0,6.0,0,0.0,0.0,False,False,False,False,False,True,False,False,False,False,True,0.0,15.666666661444443
36,"HP EliteBook 840 G3 14"" i5 - 8GB DDR4 256GB /512GB SSD Silver-C",86.0,1,6,1,86.0,1,0,0.0,1,0.0,0.0,False,False,False,False,False,True,False,False,False,False,True,0.0,5.9999999939999995
37,"Lenovo ThinkPad T14s Gen 1 14"" Core i5 16GB SSD 256GB Black 2020 - Used Good",154.99,0,358,1,154.99,1,0,0.0,1,0.0,0.0,False,False,False,False,False,True,False,False,False,False,True,0.0,357.999999642
38,"Getac V110 G3 11.6"" Touchscreen Laptop i5-6200U 2.3GHz 8GB 128GB SSD W10",150.0,0,19,1,150.0,0,0,0.0,1,0.0,0.0,False,False,False,False,False,True,False,False,False,False,True,0.0,19000000000.0
39,"HP EliteBook 830 G8 13.3"" FHD TS Laptop Intel i7-1185G7 3 GHz 32GB 512GB W11P",1299.99,0,1888,1,359.99,1,1,0.0,1,940.0,72.30824852498866,False,False,False,False,False,False,False,False,False,False,True,0.7230824852493303,1887.999998112
40,Dell Latitude LAPTOP 14” HD NOTEBOOK PC i5-8265U UP TO 32GB 2TB M.2 WIN 10 OR 11,159.0,1,5,1,159.0,3,0,0.0,0,0.0,0.0,False,False,False,False,False,True,False,False,False,False,True,0.0,1.6666666661111111
41,"Dell Latitude 5410 14"" Laptop Core i5 4-Core 16GB RAM 256GB SSD Windows 11 Pro",239.75,0,1130,1,239.75,2,0,0.0,0,0.0,0.0,True,False,False,False,False,False,False,False,False,False,True,0.0,564.9999997175
42,"HP Elitebook 830 G8 13.3"" FHD TS Laptop Intel i7-1185G7 3GHz 32GB 512GB W11P",499.99,0,173,1,339.99,1,0,0.0,1,160.0,32.00064001280026,True,False,False,False,False,False,False,False,False,False,True,0.32000640012736253,172.99999982699998
43,"Lenovo ThinkPad X1 Carbon Gen 9 14"" Laptop Intel i7-1185G7 16GB 256GB SSD W11P",667.49,0,67,1,434.99,2,0,0.0,0,232.5,34.83198250161051,False,False,False,False,False,False,False,False,False,False,True,0.3483198250155833,33.49999998325
44,"Lenovo Ideapad 1 15Amn7 15.6"" Laptop Ryzen 3 7320U 8GB 256GB SSD W11H-64",314.99,0,551,1,204.99,2,0,0.0,0,110.0,34.9217435474142,False,False,False,False,False,False,False,False,False,False,True,0.34921743547303336,275.49999986225
45,"Acer CB514 14"" Laptop Touch 8GB 512GB Intel i3-N305 1.8GHz Certified Refurbished",399.99,0,341,1,181.99,3,0,0.0,0,218.0,54.50136253406335,False,False,False,False,False,False,False,False,False,False,True,0.545013625339271,113.66666662877778
46,"HP EliteBook 820 G4 Laptop Computer 12.5"" Core i5 8GB RAM 128GB SSD Windows 10",795.0,0,7982,1,128.14,2,0,0.0,0,666.86,83.88176100628931,False,False,False,False,False,False,True,False,False,False,True,0.838817610061838,3990.9999980045
47,"Acer Chromebook 315 Laptop 15.6"" 4GB 64GB Intel N4500 1.10GHz - Good Condition",199.0,0,86,1,76.89,3,0,0.0,0,122.11,61.36180904522613,False,False,True,False,False,False,False,False,False,False,True,0.6136180904491778,28.66666665711111
48,SGIN 15.6 Inch Laptop 8GB DDR4 256GB SSD Windows 11 Quad-Core IPS FHD Computer,189.0,0,301,1,189.0,1,0,0.0,0,0.0,0.0,False,False,False,True,False,False,False,False,False,False,True,0.0,300.999999699
49,"2024 Lenovo IdeaPad Laptop Notebook 15.6""  Intel Processor Upto 20GB RAM 1TB SSD",229.0,1,41,1,229.0,1,0,0.0,1,0.0,0.0,False,False,False,True,False,False,False,False,False,False,True,0.0,40.999999959
50,Dell Latitude 5420 Laptop 14 FHD Intel Core i5 1145G7 32GB 512GB SSD Win 11 Pro,799.0,0,42,1,279.99,0,0,0.0,1,519.01,64.95744680851064,True,False,False,False,False,False,False,False,False,False,True,0.6495744680842934,42000000000.0
51,"Samsung - Galaxy Book4 15.6"" FHD Laptop - Intel Core 7- 16GB Memory - 512GB S...",899.99,0,458,1,529.99,2,1,0.0,0,370.0,41.11156790631007,False,False,False,True,False,False,False,False,False,False,True,0.4111156790626439,228.9999998855
52,"~OVERSTOCK~ 15.6"" HP ProBook Laptop: Intel i3! 16GB RAM~1TB Storage! Windows 10!",149.99,0,49,1,149.99,0,0,0.0,1,0.0,0.0,False,False,True,False,False,False,False,False,False,False,True,0.0,49000000000.0
53,"TouchScreen Acer Chromebook C738T 360 hinge 11.6"" Intel 1.6GHZ 4GB 16GB - Good",399.99,0,8531,1,54.99,0,0,0.0,1,345.0,86.2521563039076,False,False,True,False,False,False,False,False,False,False,True,0.8625215630369196,8530999999999.999
54,Dell Latitude 5411 14” FHD Laptop Core i5 4.6GHz 16GB RAM 512GB SSD Windows 11,250.84,0,157,1,250.84,2,0,0.0,0,0.0,0.0,True,False,False,False,False,False,False,False,False,False,True,0.0,78.49999996075
55,"Acer 315 Chromebook 15.6"" 64GB Intel Celeron N4500 1.1GHz Certified Refurbished",279.99,0,1021,1,99.99,3,0,0.0,0,180.0,64.28801028608164,False,False,False,False,False,False,False,False,False,False,True,0.6428801028585204,340.33333321988886
56,Dell Chromebook Laptop Intel 2.6 GHz CPU 4GB Memory 32GB HD Bluetooth Wifi 2021,79.99,1,797,1,79.99,1,0,0.0,1,0.0,0.0,False,False,True,False,False,False,False,False,False,False,True,0.0,796.9999992029999
57,ASUS - Zenbook 14 OLED 14WUXGA Touch Screen Laptop - Intel Core Ultra 5 wit...,799.99,0,355,1,499.99,2,1,0.0,0,300.0,37.50046875585944,False,False,False,True,False,False,False,False,False,False,True,0.3750046875581257,177.49999991125
58,Dell Latitude 3410 14” Full HD Laptop PC Core i5 16GB RAM 512GB SSD Windows 11,249.2,0,475,1,249.2,2,0,0.0,0,0.0,0.0,True,False,False,False,False,False,False,False,False,False,True,0.0,237.49999988124998
59,"Lenovo IdeaPad Slim 5 Laptop, 16"" IPS  60Hz, Ryzen 5 8645HS, 16GB, 512GB SSD",839.99,0,196,1,599.99,2,0,0.0,0,240.0,28.57176871153228,False,False,False,True,False,False,False,False,False,False,True,0.28571768711498263,97.99999995099999
60,"Acer Aspire 3 Laptop 15.6"" 1TB AMD Ryzen 5 7520U 2.8GHz Certified Reburbished",499.99,0,573,1,300.29,3,0,0.0,0,199.7,39.94079881597632,False,False,False,False,False,False,False,False,False,False,True,0.39940798815896433,190.99999993633332
61,"Lenovo - LOQ 15.6"" Gaming Laptop FHD - AMD Ryzen 5 7235HS with 12GB Memory - ...",799.99,0,361,1,799.99,2,1,0.0,0,0.0,0.0,False,False,False,True,False,False,False,False,False,False,True,0.0,180.49999990975
62,"HP - 15.6"" Chromebook Laptop - Intel Processor N200 - 8GB Memory - 64GB eMMC ...",399.0,0,145,1,179.0,2,1,0.0,0,220.0,55.13784461152882,False,False,False,True,False,False,False,False,False,False,True,0.5513784461139063,72.49999996375
63,HP EliteBook X360 1040 G6 Laptop 14” Touch Core i5 16GB RAM 256GB SSD Windows 11,238.41,0,633,1,238.41,2,0,0.0,0,0.0,0.0,True,False,False,False,False,False,False,False,False,False,True,0.0,316.49999984174997
64,"Dell - Inspiron 15 15.6"" Touch Screen Laptop - Intel Core i5 with 8GB Memory ...",629.99,0,403,1,429.99,2,1,0.0,0,200.0,31.74653565929618,False,False,False,True,False,False,False,False,False,False,True,0.3174653565924579,201.49999989924999
65,"MSI - Cyborg 14"" 144Hz Gaming Laptop (FHD+) - Intel Core i7-13620H with 16GB ...",1099.99,0,233,1,749.99,2,1,0.0,0,350.0,31.81847107700979,False,False,False,True,False,False,False,False,False,False,True,0.31818471076980864,116.49999994174999
66,"""CHUWI 13.3 Laptop Computer PC Windows 11 Home PC 2.7GHz 8GB 256GB HD WIFI""",134.39,0,929,1,134.39,0,0,0.0,0,0.0,0.0,False,False,False,True,False,False,False,False,False,False,True,0.0,929000000000.0
67,"HP 840 G3 14"" Laptop Intel i5-6300U 2.40GHz 16GB Ram 256GB SSD Intel HD 520 W10P",299.99,0,533,1,149.99,1,0,0.0,1,150.0,50.00166672222407,True,False,False,False,False,False,False,False,False,False,True,0.5000166672205739,532.999999467
68,"Acer - Chromebook 315 - 15.6"" HD Laptop - Intel Pentium N6000 - 4GB LPDDR4X -...",349.0,0,78,1,129.0,2,1,0.0,0,220.0,63.03724928366762,False,False,False,True,False,False,False,False,False,False,True,0.63037249283487,38.9999999805
69,"ASUS VivoBook17.3” FHD Laptop, Intel Core i3-1115G4,8GB/256GB,Transparent silver",399.99,0,910,1,225.99,1,0,0.0,0,174.0,43.50108752718818,False,False,False,False,False,False,False,False,False,False,True,0.43501087527079424,909.99999909
70,"Acer Aspire 3 15.6"" Laptop 512GB AMD Ryzen 7 5700U 1.8GHz Certified Refurbished",599.99,0,578,1,309.39,3,0,0.0,0,290.6,48.434140569009486,False,False,False,False,False,False,False,False,False,False,True,0.48434140568928763,192.66666660244445
71,"2023 ASUS Zenbook UM3402YA 14"" 2.8K OLED Touch Laptop Ryzen5 7530U 8GB 256GB W11",949.99,0,1573,1,375.0,1,1,0.0,1,574.99,60.525900272634445,False,False,False,False,False,False,False,False,False,False,True,0.6052590027257074,1572.9999984269998
72,"Acer Chromebook3 Laptop 15.6"" 4GB 64GB Intel N4500 1.10GHz Certified Refurbished",199.0,0,148,1,90.99,3,0,0.0,0,108.01,54.276381909547744,False,False,False,False,False,False,False,False,False,False,True,0.54276381909275,49.33333331688889
73,"Microsoft Surface Book 2 i5 8GB RAM 256GB SSD 13.5""  3000x2000 W10-READ",139.0,0,29,1,139.0,0,0,0.0,1,0.0,0.0,False,False,True,False,False,False,False,False,False,False,True,0.0,29000000000.0
74,windows 11 laptop with MS office ,109.0,0,16,0,109.0,3,0,0.0,0,0.0,0.0,False,False,False,False,False,True,False,False,False,False,True,0.0,5.333333331555555
75,"Lenovo ThinkPad T480 14"" FHD i5 8350u 16GB 512gb NVME WIFI CAM WIN 11 PRO laptop",244.99,0,621,1,244.99,2,0,0.0,0,0.0,0.0,True,False,False,False,False,False,False,False,False,False,True,0.0,310.49999984475
76,Lenovo 100W Gen 3 Laptop – Open BOX – Model 82HY – WIN 11,99.0,0,34,1,99.0,1,0,0.0,0,0.0,0.0,False,False,False,False,True,False,False,False,False,False,True,0.0,33.999999966
77,"Lenovo Laptop PC Computer 11.6"" Windows 10 Intel 4GB RAM 64GB SSD WiFi",92.56,0,851,1,92.56,2,0,0.0,0,0.0,0.0,False,False,False,False,False,False,True,False,False,False,True,0.0,425.49999978725
78,HP ProBook Laptop PC 14 Core i5 16GB RAM 512GB Windows 11 Pro TOUCHSCREEN OFFICE,599.88,0,181,1,599.88,3,0,0.0,0,0.0,0.0,False,False,False,False,False,True,False,False,False,False,True,0.0,60.33333331322222
79,"Acer Aspire 3 - 15.6"" Laptop AMD Ryzen 7 5700U 1.80GHz 16GB RAM 512GB SSD W11H",599.99,0,101,1,261.43,3,0,0.0,0,338.56,56.42760712678545,False,False,False,False,False,True,False,False,False,False,True,0.564276071266914,33.666666655444445
80,"SGIN 15.6"" FHD Laptop Intel Celeron Quad-Core with 12GB Memory 1024GB eMMC 1080P",209.0,0,388,1,209.0,3,1,0.0,0,0.0,0.0,False,False,False,True,False,False,False,False,False,False,True,0.0,129.3333332902222
81,Dell Latitude 2-in-1 5289 Core i5-7200U 8GB RAM 256GB SSD Windows 11 Touchscreen,149.0,0,319,1,149.0,2,0,0.0,0,0.0,0.0,False,False,False,False,False,True,False,False,False,False,True,0.0,159.49999992025
82,"HP 17.3"" FHD Notebook AMD Ryzen 5 7430U 8GB RAM 256GB SSD Natural Silver",599.99,0,1073,1,349.99,2,0,0.0,0,250.0,41.66736112268538,False,False,False,True,False,False,False,False,False,False,True,0.4166736112261593,536.49999973175
83,"Acer Aspire 3 - 15.6"" Touchscreen Laptop AMD Ryzen 5 7520U 2.80GHz 16GB 1TB W11H",499.99,0,505,1,327.59,3,0,0.0,0,172.40000000000003,34.48068961379228,False,False,False,False,False,False,False,False,False,False,True,0.3448068961372332,168.3333332772222
84,"Lenovo chromebook 11.6"" Intel 1.60 GHz 4 GB RAM 16 GB eMMC Bluetooth Webcam SD",79.99,1,1066,1,79.99,1,0,0.0,1,0.0,0.0,False,False,False,False,False,False,True,False,False,False,True,0.0,1065.999998934
85,Lenovo ThinkPad T14 Laptop 14” FHD Core i5-1135G7 32GB RAM 1TB SSD Windows 11,449.54,0,280,1,449.54,2,0,0.0,0,0.0,0.0,True,False,False,False,False,False,False,False,False,False,True,0.0,139.99999993
86,"Microsoft Surface Pro 5 1807 12.3"" i5-7300U 2.60GHz 8GB RAM 256GB SSD LTE W10P G",149.99,0,187,1,149.99,1,0,0.0,1,0.0,0.0,False,False,True,False,False,False,False,False,False,False,True,0.0,186.999999813
87,"Windows 11 PRO Laptop Notebook PC Computer, 8GB Ram, Webcam, Wifi, and HDMI",166.0,0,1280,1,166.0,1,0,0.0,0,0.0,0.0,False,False,False,False,False,True,False,False,False,False,True,0.0,1279.99999872
88,"Acer Chromebook CB715-1W 15.6” (128GB SSD, Intel Core i3-8130U, 2.2GHz, 8GB RAM)",89.95,0,21,1,89.95,1,0,0.0,1,0.0,0.0,False,False,False,False,False,True,False,False,False,False,True,0.0,20.999999979
89,"Acer Aspire 3 - 15.6"" Laptop Intel Core i3-1215U 3.30GHz 8GB RAM 256GB SSD W11H",399.99,0,137,1,229.31,1,0,0.0,1,170.68,42.67106677666942,False,False,False,False,False,False,False,False,False,False,True,0.4267106677656274,136.999999863
90,"SGIN 17.3"" Laptop 8GB RAM 256GB SSD Celeron Quad-Core Up to 2.6GHz HD 1080P",225.0,0,100,1,225.0,3,0,0.0,0,0.0,0.0,False,False,False,True,False,False,False,False,False,False,True,0.0,33.333333322222224
91,Dell Inspiron 15.6 Touchscreen Laptop Ryzen 7 7730U 16GB 512GB SSD i3535-A813BLK,319.0,0,61,1,319.0,1,0,0.0,0,0.0,0.0,False,False,False,False,True,False,False,False,False,False,True,0.0,60.999999939
92,"HP Elitebook X360 1040 G6, 14"", i7-8665U, 16GB RAM, 512GB SSD, Touch, (Renewed)",3549.0,0,343,1,310.0,2,0,0.0,0,3239.0,91.26514511129896,True,False,False,False,False,False,False,False,False,False,True,0.9126514511127324,171.49999991425
93,HP Victus 15.6 144Hz Gaming Laptop Intel i7-13620H 16GB RAM 512GB SSD RTX 4060,1299.99,0,523,1,859.99,2,0,0.0,0,440.0,33.84641420318618,False,False,False,True,False,False,False,False,False,False,True,0.3384641420316014,261.49999986924996
94,ASUS C202 Chromebook Celeron N3060 1.6GHz 4GB RAM 16GB SSD w/charger,29.99,0,2240,1,29.99,1,0,0.0,1,0.0,0.0,False,False,False,False,False,True,False,False,False,False,True,0.0,2239.99999776
95,"NEW HP 15.6"" Full HD Intel Core i3 8GB 256GB SSD Windows 11 Laptop Bundle",479.99,0,13011,1,299.99,1,1,0.0,1,180.0,37.50078126627638,False,False,False,True,False,False,False,False,False,False,True,0.3750078126619825,13010.999986989
96,"HP - 14"" Chromebook Laptop - Intel Celeron - 4GB Memory - 64GB eMMC - Modern ...",299.0,0,86,1,299.0,2,1,0.0,0,0.0,0.0,False,False,False,True,False,False,False,False,False,False,True,0.0,42.9999999785
97,"Dell Latitude 5400 14"" Chromebook P98G005 w/Cel 2.20GHz/4GB/128GB - Used",39.0,0,57,1,39.0,1,0,0.0,0,0.0,0.0,False,False,False,False,False,True,False,False,False,False,True,0.0,56.999999943
98,"Lenovo Laptop PC Computer 11.6"" Intel Celeron Windows 10 4GB RAM 64GB SSD WiFi",82.62,0,1720,1,82.62,2,0,0.0,0,0.0,0.0,False,False,False,False,False,False,True,False,False,False,True,0.0,859.99999957
99,"SGIN 15.6"" Laptop 12GB RAM 512GB SSD Intel Celeron Quad-Core 1080P Up to 2.9 GHz",189.0,0,109,1,189.0,3,0,0.0,0,0.0,0.0,False,False,False,True,False,False,False,False,False,False,True,0.0,36.33333332122222
100,Samsung Galaxy S21 5G SM-G991U 128GB 256GB Unlocked Very Good Refurbished,164.95,1,1380,1,164.95,1,1,0.0,1,0.0,0.0,False,False,False,False,False,False,True,True,False,False,False,0.0,1379.9999986199998
101,BLU C5L Max (C0170WW) 16GB / 32GB (GSM Unlocked) Dual SIM Android Smartphone,30.99,1,83,1,30.99,0,0,0.0,1,0.0,0.0,False,False,False,False,False,True,False,True,False,False,False,0.0,83000000000.0
102,Samsung Galaxy S21 Ultra 5G 128GB G998U Unlocked - Excellent,264.99,1,3464,1,264.99,0,0,0.0,1,0.0,0.0,True,False,False,False,False,False,False,True,False,False,False,0.0,3464000000000.0
103,Apple iPhone 8 - 64 GB - Space Gray (Unlocked),67.5,0,9,1,67.5,1,0,0.0,1,0.0,0.0,False,False,False,False,False,True,False,True,False,False,False,0.0,8.999999991
104,Samsung Galaxy S22 | S22+ 5G 128GB - Factory Unlocked Smartphone - New in Box,298.0,1,174,1,298.0,1,1,0.0,1,0.0,0.0,False,False,False,True,False,False,False,True,False,False,False,0.0,173.999999826
105,Apple iPhone SE 3rd Gen 64GB Unlocked -* Red-G,120.99,0,71,1,120.99,3,0,0.0,0,0.0,0.0,False,False,False,False,False,True,False,True,False,False,False,0.0,23.66666665877778
106,"Motorola Moto Edge 5G 2022 XT2205-1 128GB T-Mobile/Unlocked, Excellent - Read",86.99,1,137,1,86.99,1,0,0.0,1,0.0,0.0,False,False,False,False,False,True,False,True,False,False,False,0.0,136.999999863
107,Samsung Galaxy S21 Ultra 5G 128GB G998U Unlocked - Good,232.99,1,5999,1,232.99,0,0,0.0,1,0.0,0.0,False,False,True,False,False,False,False,True,False,False,False,0.0,5999000000000.0
108,Samsung Galaxy Z Fold4 512GB F936U Unlocked - Excellent,1799.99,1,501,1,469.99,0,0,0.0,1,1330.0,73.88929938499659,True,False,False,False,False,False,False,True,False,False,False,0.7388929938495553,500999999999.99994
109,SanDisk Micro SD Card 16GB 32GB 64GB 128GB TF Class 10 for Smartphones Tablets ,5.2,1,752,1,5.2,0,0,0.0,0,0.0,0.0,False,False,False,True,False,False,False,False,True,False,False,0.0,752000000000.0
110,Motorola Moto G 5G (2024) XT2417-4 Unlocked (Any Carrier) 128GB 50MP SmartPhone,114.99,0,112,1,114.99,1,0,0.0,1,0.0,0.0,False,False,False,False,True,False,False,True,False,False,False,0.0,111.99999988799999
111,Google Pixel 6 | 6a | 6 Pro - 128 GB (Unlocked) AT&T Metro T-Mobile Verizon,149.95,1,545,1,149.95,1,0,0.0,1,0.0,0.0,False,False,False,False,False,False,True,True,False,False,False,0.0,544.999999455
112,Fair Condition - Samsung Galaxy XCover Pro 64GB (Verizon) Dual SIM - Free Ship,33.99,0,18,1,33.99,2,0,0.0,0,0.0,0.0,False,False,False,False,False,True,False,True,False,False,False,0.0,8.9999999955
113,Unlocked Phone 4G LTE | Finger Print Android 11  | 2022 Model,29.99,0,1504,1,29.99,0,0,0.0,1,0.0,0.0,False,False,False,True,False,False,False,True,False,False,False,0.0,1504000000000.0
114,Motorola Moto One 5G XT2075-1 Verizon Unlocked 128GB Oxford Blue C,59.99,0,183,1,59.99,1,1,0.0,1,0.0,0.0,False,False,False,False,False,True,False,True,False,False,False,0.0,182.99999981699997
115,Apple iPhone 5c - 8GB 16GB 32GB - ALL COLORS Unlocked AT&T T-Mobile,29.0,1,915,1,29.0,1,1,0.0,0,0.0,0.0,False,False,False,False,False,True,False,True,False,False,False,0.0,914.9999990849999
116,BRAND NEW Samsung Galaxy A15 5G - 64GB - Black (T-Mobile) ONLY,99.99,0,5,0,99.99,1,0,0.0,0,0.0,0.0,False,False,False,True,False,False,False,True,False,False,False,0.0,4.999999995
117,Motorola Moto G14 Dual SIM (4/128GB) | Android 13 *International* - Steel Gray,98.89,0,12,1,69.99,0,0,0.0,1,28.90000000000001,29.22439073718273,False,False,False,False,False,True,False,True,False,False,False,0.2922439073688721,12000000000.0
118,Google Pixel 6  128GB UNLOCKED FOR ALL CARRIERS - GOOD CONDITION,139.99,1,43,1,139.99,0,1,0.0,1,0.0,0.0,False,False,True,False,False,False,False,True,False,False,False,0.0,43000000000.0
119,Apple iPhone 12 mini - 64 GB - White (Fully Unlocked),199.94,0,3114,1,199.94,1,0,0.0,1,0.0,0.0,False,False,False,False,False,True,False,True,False,False,False,0.0,3113.9999968859997
120,"TCL 20S 6.67"" T7730 128GB  4G LTE + GSM Factory Unlocked Smartphone Open Box",69.99,1,127,1,69.99,1,1,0.0,1,0.0,0.0,False,False,False,False,True,False,False,True,False,False,False,0.0,126.999999873
121,✨✨NEW Samsung Galaxy S10e SM-G970U 128GB / 256GB - UNLOCKED Smartphone SEALED✨✨,157.99,1,417,1,157.99,1,0,0.0,1,0.0,0.0,False,False,False,True,False,False,False,True,False,False,False,0.0,416.999999583
122,Motorola Moto Edge 5G 256GB (XT2141-1) Unlocked Royal Blue - Smartphone,119.99,0,83,1,119.99,1,0,0.0,1,0.0,0.0,False,False,False,False,False,True,False,True,False,False,False,0.0,82.999999917
123,Apple iPhone 14 Pro Max 256GB Unlocked Very Good Condition,1199.0,1,1178,1,549.99,1,1,0.0,1,649.01,54.12927439532944,False,False,False,False,False,False,True,True,False,False,False,0.541292743952843,1177.999998822
124,New S24 Ultra Factory Unlocked 7.3 Smartphone 5G Android 13 RAM 6GB ROM128G Gift,139.99,1,139,1,139.99,5,0,0.0,0,0.0,0.0,False,False,False,True,False,False,False,True,False,False,False,0.0,27.79999999444
125,Google Pixel - 32GB 128GB - ALL COLORS (Unlocked) Unlimited Backup,74.99,1,81,1,74.99,1,1,0.0,0,0.0,0.0,False,False,False,False,False,True,False,True,False,False,False,0.0,80.99999991899999
126,Samsung Galaxy S21 Plus S21+ 5G SM-G996U1 128GB 256GB Unlocked Good,168.95,1,35,1,168.95,1,1,0.0,1,0.0,0.0,False,False,False,False,False,True,False,True,False,False,False,0.0,34.999999965
127,Samsung Galaxy A13 5G (A136U) - 64GB GSM Unlocked Smartphone - Black (New),109.99,0,612,1,109.99,1,1,0.0,1,0.0,0.0,False,False,False,True,False,False,False,True,False,False,False,0.0,611.999999388
128,Samsung Galaxy A15 5G SM-A156U 128GB Black Smartphone - Excellent,89.0,1,24,1,89.0,2,0,0.0,0,0.0,0.0,True,False,False,False,False,False,False,True,False,False,False,0.0,11.999999994
129,New Sealed Samsung Galaxy S21 Ultra 5G SM-G998U 128GB/256GB Unlocked Smartphone,298.66,1,89,1,298.66,1,0,0.0,1,0.0,0.0,False,False,False,True,False,False,False,True,False,False,False,0.0,88.99999991099999
130,PHONE 2024 Android Cheap Cell Phone Unlocked Smartphone Dual SIM Quad Core GPS,59.99,0,802,1,59.99,1,0,0.0,1,0.0,0.0,False,False,False,True,False,False,False,True,False,False,False,0.0,801.999999198
131,Xiaomi Redmi Note 13 4G Midnight Black 6gb - 128gb - Factory Unlocked,122.74,0,6,0,122.74,0,0,0.0,0,0.0,0.0,False,False,False,True,False,False,False,True,False,False,False,0.0,6000000000.0
132,"New i15 Pro Max 6.5"" Android Smartphone 128GB 4G GSM Global Unlocked Cell Phone",109.99,1,461,1,109.99,1,0,0.0,1,0.0,0.0,False,False,False,True,False,False,False,True,False,False,False,0.0,460.999999539
133,Google Pixel 7a | 7 | 7 Pro - 128GB 256GB 512GB - Unlocked - Smartphone,219.95,1,37,1,219.95,1,0,0.0,1,0.0,0.0,False,False,True,False,False,False,False,True,False,False,False,0.0,36.999999963
134,NEW Samsung Galaxy S20+ PLUS G986U 12+128GB Unlocked 5G Smartphone GSM+CDMA Cell,212.99,1,68,1,212.99,3,0,0.0,0,0.0,0.0,False,False,False,True,False,False,False,True,False,False,False,0.0,22.66666665911111
135,2024 Factory Unlocked Android Cheap Cell Phone Smartphone Dual SIM USA Quad Core,66.39,0,4507,1,66.39,1,0,0.0,1,0.0,0.0,False,False,False,True,False,False,False,True,False,False,False,0.0,4506.999995493
136,Samsung Galaxy S22 Ultra 128GB S908U Unlocked - Excellent,374.99,1,1003,1,374.99,0,0,0.0,1,0.0,0.0,True,False,False,False,False,False,False,True,False,False,False,0.0,1002999999999.9999
137,Motorola Moto G Play (2023) XT2271 32GB Blue Smartphone - Excellent,33.77,1,77,1,33.77,2,0,0.0,0,0.0,0.0,True,False,False,False,False,False,False,True,False,False,False,0.0,38.49999998075
138,"New Android S25 Ultra 7.3"" HD Smartphone 5G Unlocked 16GB+512GB 48MP Camera",121.99,1,100,1,121.99,5,0,0.0,0,0.0,0.0,False,False,False,True,False,False,False,False,False,False,False,0.0,19.999999996
139,New Sealed Samsung Galaxy S21 Ultra 5G 128GB/ 256GB SM-G998U Factory Unlocked,299.29,1,13,1,299.29,1,0,0.0,1,0.0,0.0,False,False,False,True,False,False,False,True,False,False,False,0.0,12.999999986999999
140,Samsung Galaxy A12 SM-A125U 32GB Black Smartphone New Network Unlocked,87.99,0,60,1,87.99,1,1,0.0,0,0.0,0.0,False,False,False,True,False,False,False,True,False,False,False,0.0,59.999999939999995
141,NEW Samsung Galaxy S20 5G 12+128GB SM-G981U UNLOCKED GSM+CDMA Smartphone Cell,212.99,1,249,1,212.99,1,0,0.0,1,0.0,0.0,False,False,False,True,False,False,False,True,False,False,False,0.0,248.999999751
142,Google Pixel 7 Pro 256GB Unlocked - Excellent,284.99,1,829,1,284.99,0,0,0.0,1,0.0,0.0,True,False,False,False,False,False,False,True,False,False,False,0.0,829000000000.0
143,Apple iPhone 14 Pro Max 128GB Network Unlocked Very Good Condition,529.99,1,4413,1,529.99,1,1,0.0,1,0.0,0.0,False,False,False,False,False,False,True,True,False,False,False,0.0,4412.999995587
144,Motorola Moto G Pure (2021) 32GB XT2163 Unlocked Smartphone - Good Condition,199.99,0,163,1,49.99,1,0,0.0,1,150.0,75.00375018750938,False,False,True,False,False,False,False,True,False,False,False,0.7500375018713434,162.999999837
145,Samsung Galaxy A51 Fully Unlocked  128GB - Very Good,100.0,1,108,1,100.0,0,1,0.0,1,0.0,0.0,False,False,False,False,False,False,True,True,False,False,False,0.0,108000000000.0
146,NEW Samsung Galaxy S21 5G Smartphone SM-G991U Unlocked AT&T T-Mobile GSM+CDMA,229.99,1,211,1,229.99,1,0,0.0,1,0.0,0.0,False,False,False,True,False,False,False,True,False,False,False,0.0,210.999999789
147,Apple iPhone 14 Pro Max 256GB Network Unlocked Excellent Condition,584.99,1,4617,1,584.99,1,1,0.0,1,0.0,0.0,True,False,False,False,False,False,False,True,False,False,False,0.0,4616.999995382999
148,Samsung Galaxy A51 - Fully Unlocked 128GB - Excellent,149.0,1,16,1,104.0,0,1,0.0,1,45.0,30.2013422818792,False,False,False,False,False,False,True,True,False,False,False,0.302013422816765,15999999999.999998
149,Samsung Galaxy A14 5G SM-A146U 64GB Black AT&T  Only - New Sealed/Unused,79.0,0,13,0,79.0,2,0,0.0,0,0.0,0.0,False,False,False,True,False,False,False,True,False,False,False,0.0,6.49999999675
150,Samsung Galaxy A14 5G SM-A146U 64GB Black Unlocked - Good,93.0,0,285,1,93.0,2,0,0.0,0,0.0,0.0,False,False,True,False,False,False,False,True,False,False,False,0.0,142.49999992875
151,NEW UNLOCKED SAMSUNG GALAXY S21 5G SM-G991U ALL COLORS AND MEMORY GSM+CDMA,236.88,1,441,1,236.88,1,0,0.0,1,0.0,0.0,False,False,False,True,False,False,False,True,False,False,False,0.0,440.99999955899995
152,Samsung Galaxy S21 5G SM-G991U1 128GB 256GB Unlocked Good Refurbished,174.95,1,302,1,174.95,1,1,0.0,1,0.0,0.0,False,False,True,False,False,False,False,True,False,False,False,0.0,301.99999969799995
153,Google Pixel 7 Pro 256GB Unlocked - Very Good,264.99,1,361,1,264.99,0,0,0.0,1,0.0,0.0,False,False,False,False,False,False,True,True,False,False,False,0.0,361000000000.0
154,Google Pixel 6a 5G UW GX7AS - 128GB - Charcoal (Verizon Prepaid),113.98,0,224,1,113.98,0,0,0.0,1,0.0,0.0,False,False,False,False,True,False,False,True,False,False,False,0.0,224000000000.0
155,Google Pixel 6a GX7AS - 128GB - AT&T/T-Mobile/Verizon Or Unlocked - Good!,114.99,1,314,1,114.99,0,1,0.0,1,0.0,0.0,False,False,True,False,False,False,False,True,False,False,False,0.0,314000000000.0
156,"One RANDOM Smartphone for Scrap, Parts | Galaxy S22 Ultra, J3, HTC 10 All brands",9.99,0,6,0,9.99,1,0,0.0,0,0.0,0.0,False,True,False,False,False,False,False,True,False,False,False,0.0,5.9999999939999995
157,Apple iPhone SE 3rd Gen 2022 Fully Unlocked GSM/CDMA 5G SmartPhone 64GB 128GB,194.99,1,882,1,194.99,1,0,0.0,1,0.0,0.0,False,False,False,False,True,False,False,True,False,False,False,0.0,881.9999991179999
158,Motorola Moto G Stylus 5G  2024 - 128GB - Caramel Latte (Cricket Wireless),125.95,0,69,0,125.95,2,0,0.0,0,0.0,0.0,False,False,False,True,False,False,False,True,False,False,False,0.0,34.49999998275
159,New Samsung Galaxy Note 20 Ultra 5G 128GB Factory Unlocked T-Mobile Att Verizon,322.27,1,70,1,322.27,1,0,0.0,1,0.0,0.0,False,False,False,True,False,False,False,True,False,False,False,0.0,69.99999993
160,"Unlocked Smartphone G14 Pro Max 5G 6.8"" 4GB+128GB Android Cell Phone 5000mAh",89.99,1,269,1,89.99,3,0,0.0,0,0.0,0.0,False,False,False,True,False,False,False,True,False,False,False,0.0,89.66666663677778
161,2024 New Android Factory Unlocked Cell Phone Cheap Smartphone Quad Core 2 SIM 4G,58.8,1,79,1,58.8,1,0,0.0,1,0.0,0.0,False,False,False,True,False,False,False,True,False,False,False,0.0,78.999999921
162,NEW UNLOCKED SAMSUNG GALAXY NOTE 20 5G SM-N981U 128GB ALL COLORS/MEMORY GSM+CDMA,248.88,1,2336,1,248.88,1,0,0.0,1,0.0,0.0,False,False,False,True,False,False,False,True,False,False,False,0.0,2335.9999976639997
163,NEW Samsung Galaxy A54 5G SM-A546U 128GB Factory Unlocked Smartphone Cell Phone,248.0,0,207,1,248.0,3,0,0.0,0,0.0,0.0,False,False,False,True,False,False,False,True,False,False,False,0.0,68.999999977
164,Samsung Galaxy S22 SM-S901U Unlocked 128GB Phantom Black Good,192.99,0,633,1,192.99,1,1,0.0,1,0.0,0.0,False,False,True,False,False,False,False,True,False,False,False,0.0,632.999999367
165,2.4GHz Wireless Optical Mouse &USB Receiver Adjustable DPI for PC Laptop Desktop,8.99,0,1589,1,8.99,1,0,0.0,1,0.0,0.0,False,False,False,True,False,False,False,False,False,True,False,0.0,1588.999998411
166,"Portable  Wireless Mouse,  2.4GHz Silent with USB Receiver, Optical USB Mouse",7.95,1,828,1,7.95,1,0,0.0,1,0.0,0.0,False,False,False,True,False,False,False,False,False,True,False,0.0,827.9999991719999
167,Gaming Mouse 7 Button USB Wired LED Breathing Fire Button 3200 DPI Laptop PC,7.95,0,2896,1,7.95,1,0,0.0,0,0.0,0.0,False,False,False,True,False,False,False,False,False,True,False,0.0,2895.9999971039997
168,USB 2.0 Optical Wired Scroll Wheel Mouse  PC Laptop Notebook Desktop Black Mice,4.99,0,62,1,4.99,6,0,0.0,0,0.0,0.0,False,False,False,True,False,False,False,False,False,True,False,0.0,10.333333331611112
169,2.4GHz Wireless Optical Mouse Mice & USB Receiver For PC Laptop Computer DPI USA,6.89,1,2673,1,6.89,1,0,0.0,0,0.0,0.0,False,False,False,True,False,False,False,False,False,True,False,0.0,2672.9999973269996
170,USB 2.0 Optical Wired Scroll Wheel Mouse PC Laptop Notebook Desktop Black Lot,4.99,1,23,1,4.99,6,0,0.0,0,0.0,0.0,False,False,False,True,False,False,False,False,False,True,False,0.0,3.8333333326944445
171,2.4GHz USB Wireless Optical Mouse Mice for Apple Mac Macbook Pro Air PC White,5.95,0,1271,1,5.95,1,0,0.0,0,0.0,0.0,False,False,False,True,False,False,False,False,False,True,False,0.0,1270.9999987289998
172,Wireless 2.4GHz Optical Mouse Mice & USB Receiver For PC Laptop Computer DPI NEW,4.99,1,19,1,4.99,3,0,0.0,0,0.0,0.0,False,False,False,True,False,False,False,False,False,True,False,0.0,6.333333331222222
173,2 Wireless Optical Mouse Mice 2.4GHz USB Receiver For Laptop PC Computer DPI USA,8.49,1,455,1,8.49,1,0,0.0,0,0.0,0.0,False,False,False,True,False,False,False,False,False,True,False,0.0,454.999999545
174,Razer Basilisk V3 Wired Optical Gaming Mouse with Chroma RBG Lighting - Black,69.99,0,6,1,33.13,0,0,0.0,1,36.85999999999999,52.66466638091155,False,False,False,True,False,False,False,False,False,True,False,0.5266466638015909,6000000000.0
175,2.4GHz Wireless Optical Mouse USB Mouse DPI RGB Cordless Mice For PC Laptop,4.0,0,106,1,4.0,3,0,0.0,0,0.0,0.0,False,False,False,True,False,False,False,False,False,True,False,0.0,35.33333332155556
176,2.4GHz Wireless Optical Mouse USB Rechargeable RGB Cordless Mice For PC Laptop,7.85,1,1572,1,7.85,1,0,0.0,0,0.0,0.0,False,False,False,True,False,False,False,False,False,True,False,0.0,1571.9999984279998
177,USB 2.0 Optical Wired Scroll Wheel Mouse  PC Laptop Notebook Desktop Black Mice,4.99,0,9,1,4.99,6,0,0.0,0,0.0,0.0,False,False,False,True,False,False,False,False,False,True,False,0.0,1.49999999975
178,Universal Wired USB 2.0 Optical Mouse Mice for PC Laptop Notebook Desktop Black,4.98,0,147,1,4.98,1,0,0.0,1,0.0,0.0,False,False,False,True,False,False,False,False,False,True,False,0.0,146.999999853
179,Wireless 2.4GHz Optical Mouse Mice & USB Receiver For PC Laptop Computer DPI NEW,3.99,1,11,1,3.99,3,0,0.0,0,0.0,0.0,False,False,False,True,False,False,False,False,False,True,False,0.0,3.666666665444444
180,Wireless Optical Mouse Mice 2.4GHz USB Receiver For Laptop PC Computer DPI USA,3.99,1,20,1,3.99,3,0,0.0,0,0.0,0.0,False,False,False,True,False,False,False,False,False,True,False,0.0,6.666666664444445
181,TECKNET Wireless Mouse BT5.0/3.0 & 2.4G Rechargeable 4800 DPI Silent Mouse 8 ...,10.99,0,35,1,10.99,3,0,0.0,0,0.0,0.0,False,False,False,True,False,False,False,False,False,True,False,0.0,11.666666662777777
182,Gaming Mouse Wireless USB Rechargeable 7 Color LED Backlight Optical Mice for PC,18.98,0,404,1,12.48,1,0,0.0,1,6.5,34.24657534246575,False,False,False,True,False,False,False,False,False,True,False,0.342465753406614,403.99999959599995
183,NEW Original HP Wired USB Optical DPI: 800 Mouse Black - QY777AA FREE SHIPPING,7.99,0,1,1,7.99,1,0,0.0,1,0.0,0.0,False,False,False,True,False,False,False,False,False,True,False,0.0,0.9999999989999999
184,2 Wireless Optical Mouse Mice 2.4GHz USB Receiver For Laptop PC Computer DPI USA,5.88,1,50,1,5.88,2,0,0.0,0,0.0,0.0,False,False,False,True,False,False,False,False,False,True,False,0.0,24.9999999875
185,New Logitech M510 Wireless Laser Mouse for PC/MAC with Unifying Receiver - Gray,19.99,0,381,1,19.99,0,0,0.0,1,0.0,0.0,False,False,False,True,False,False,False,False,False,True,False,0.0,381000000000.0
186,NEW 2.4GHz Wireless Optical Mouse Mice & USB Receiver For PC Laptop Computer DPI,4.99,1,4,1,4.99,3,0,0.0,0,0.0,0.0,False,False,False,True,False,False,False,False,False,True,False,0.0,1.3333333328888888
187,Razer Basilisk V3 Wired Optical Gaming Mouse Chroma White RZ01-04000300,49.99,0,98,1,25.99,1,0,0.0,1,24.000000000000004,48.009601920384085,False,False,False,False,False,False,False,False,False,True,False,0.480096019194237,97.999999902
188,2.4GHz Bluetooth Wireless Optical Mouse USB Rechargeable RGB Mice for PC Laptop,7.9,1,81,1,7.9,2,0,0.0,0,0.0,0.0,False,False,False,True,False,False,False,False,False,True,False,0.0,40.49999997975
189,Wireless Optical Mouse Mice 2.4GHz USB Receiver For Laptop PC Computer DPI lot,5.88,1,9,1,5.88,3,0,0.0,0,0.0,0.0,False,False,False,True,False,False,False,False,False,True,False,0.0,2.999999999
190,Gaming Mouse LED Breathing Fire 4 Button Silent USB Wired 1600 DPI Laptop PC USA,6.07,1,717,1,6.07,1,0,0.0,0,0.0,0.0,False,False,False,True,False,False,False,False,False,True,False,0.0,716.999999283
191,Ergonomic Optical Vertical Mouse 6 Keys USB Wireless Mice 2.4GHz 1600DPI for PC,11.85,0,253,1,11.85,2,0,0.0,0,0.0,0.0,False,False,False,True,False,False,False,False,False,True,False,0.0,126.49999993675
192,2.4GHz Wireless Optical Mouse Mice & USB Receiver For PC Laptop Computer DPI USA,6.64,1,101,1,6.64,0,0,0.0,0,0.0,0.0,False,False,False,True,False,False,False,False,False,True,False,0.0,101000000000.0
193,Logitech Wireless Mouse M185 Gray Bulk Packaging,9.49,0,156,1,9.49,1,0,0.0,1,0.0,0.0,False,False,False,False,True,False,False,False,False,True,False,0.0,155.999999844
194,Razer - Basilisk V3 Wired Optical Gaming Mouse with Chroma RBG Lighting - White,69.99,0,6,1,37.99,2,1,0.0,0,31.999999999999996,45.72081725960851,False,False,False,True,False,False,False,False,False,True,False,0.45720817258955265,2.9999999985
195,Gaming Mouse 7 Button USB Wired LED Breathing Fire Button 3200 DPI Laptop PC,6.75,0,70,1,6.75,1,0,0.0,0,0.0,0.0,False,False,False,True,False,False,False,False,False,True,False,0.0,69.99999993
196,"PICTEK Wired Gaming Mouse, 8 Programmable Buttons, RGB Backlit, 7200 DPI, Ergono",9.99,0,4,1,9.99,0,0,0.0,1,0.0,0.0,False,False,False,True,False,False,False,False,False,True,False,0.0,3999999999.9999995
197,USB 2.0 Optical Wired Scroll Wheel Mouse  PC Laptop Notebook Desktop Black ,5.99,1,2,1,5.99,3,0,0.0,0,0.0,0.0,False,False,False,True,False,False,False,False,False,True,False,0.0,0.6666666664444444
198,Lenovo Wired USB Mouse,7.99,0,950,1,7.99,2,0,0.0,0,0.0,0.0,False,False,False,True,False,False,False,False,False,True,False,0.0,474.99999976249995
199,Wireless Mouse 2.4G Optical Cordless Mice Optical Scroll for PC Laptop Computer,6.63,0,325,1,6.63,5,0,0.0,0,0.0,0.0,False,False,False,True,False,False,False,False,False,True,False,0.0,64.999999987
200,2.4GHz Wireless Optical Mouse Mice & USB Receiver For PC Laptop Computer DPI USA,6.99,1,17,1,6.99,1,0,0.0,1,0.0,0.0,False,False,False,True,False,False,False,False,False,True,False,0.0,16.999999983
