title,condition_0_conditionDisplayName,discountPriceInfo_0_originalRetailPrice_0___value__,isMultiVariationListing,listingInfo_0_watchCount,primaryCategory_0_categoryName,returnsAccepted,sellingStatus_0_convertedCurrentPrice_0___value__,shippingInfo_0_handlingTime,shippingInfo_0_oneDayShippingAvailable,shippingInfo_0_shippingServiceCost_0___value__,topRatedListing,Discount_amount,DiscountPercentage
"['HP - 14"" Laptop - Intel Celeron - 4GB Memory - 64GB eMMC - Snowflake White']",['New'],179.99,['false'],['556'],['PC Laptops & Netbooks'],['true'],179.99,['2'],['true'],0.0,['false'],0.0,0.0
['Dell Latitude 3190 Windows 11 - Laptop 2-in-1 / 64GB / 4GB DDR4 / INTEL 1.1GHZ !'],['Used'],79.0,['false'],['1498'],['PC Laptops & Netbooks'],['true'],79.0,['1'],['false'],0.0,['true'],0.0,0.0
"['Lenovo - IdeaPad 3i Chromebook 15.6"" FHD Laptop - Intel Celeron - 4GB Memory ...']",['New'],249.0,['false'],['207'],['PC Laptops & Netbooks'],['true'],119.0,['2'],['true'],0.0,['false'],130.0,52.208835341365464
"['HP EliteBook 840 G5 14"" i5-8250U 1.7GHz / 8GB RAM / 256GB SSD Win 10 Pro w/ PWR']",['Used'],139.99,['false'],['25'],['PC Laptops & Netbooks'],['true'],139.99,['1'],['false'],0.0,['false'],0.0,0.0
"['Lenovo Ideapad 1i 15.6"" FHD Touchscreen Laptop - Intel Core i3-1215U with 8GB...']",['New'],499.99,['false'],['531'],['PC Laptops & Netbooks'],['true'],499.99,['2'],['true'],0.0,['false'],0.0,0.0
"['Dell Latitude 5400 14"" Chromebook P98G005 w/Cel 2.20GHz/4GB/128GB - Good']",['Good - Refurbished'],120.0,['false'],['176'],['PC Laptops & Netbooks'],['true'],49.0,['1'],['false'],0.0,['false'],71.0,59.166666666666664
['Dell Latitude Laptop Light Gaming PC Core i7 16GB RAM 512GB SSD Windows 11 Pro'],['Excellent - Refurbished'],266.5,['false'],['3172'],['PC Laptops & Netbooks'],['true'],266.5,['2'],['false'],0.0,['false'],0.0,0.0
['Hp ZBook 15 G6 # Intel i7-9850H 2.60Ghz 32gb RAM Gaming Laptop *Read* B13B20B22'],['Used'],129.99,['false'],['37'],['PC Laptops & Netbooks'],['true'],129.99,['1'],['false'],0.0,['false'],0.0,0.0
"['HP - 15.6"" Touch-Screen Laptop - Intel Core i3 - 8GB Memory - 256GB SSD - Nat...']",['New'],499.99,['false'],['59'],['PC Laptops & Netbooks'],['true'],279.99,['2'],['true'],0.0,['false'],220.0,44.00088001760035
"['Dell Latitude 7390 Laptop 13.3"" Laptop Intel Core i5 8GB 128GB SSD Windows 11']",['Used'],105.0,['false'],['460'],['PC Laptops & Netbooks'],['true'],105.0,['1'],['false'],0.0,['true'],0.0,0.0
['Dell - Inspiron 2-in-1 14IPS LED FHD+ Touch Screen Laptop Intel Core 5 wi...'],['New'],749.99,['false'],['628'],['PC Laptops & Netbooks'],['true'],449.99,['2'],['true'],0.0,['false'],300.0,40.00053334044454
"['Lenovo Chromebook 300e 2nd Gen 11.6"" 2in1 Laptop - 2.1GHz CPU 4GB TOUCHSCREEN A']",['Used'],55.0,['false'],['1341'],['PC Laptops & Netbooks'],['true'],55.0,['1'],['false'],0.0,['true'],0.0,0.0
"['Dell Latitude 14"" FHD Core i5 Laptop PC Computer Windows 11 16GB RAM 512GB SSD']",['Excellent - Refurbished'],254.64,['false'],['2229'],['PC Laptops & Netbooks'],['true'],254.64,['2'],['false'],0.0,['false'],0.0,0.0
"['Acer Chromebook 311 11.6"" C722-K4CN MT8183 2GHz 4GB RAM 32GB']",['Used'],36.0,['false'],['195'],['PC Laptops & Netbooks'],['false'],36.0,['3'],['false'],0.0,['false'],0.0,0.0
"['Lenovo ThinkPad X1 Carbon Laptop Core i5 14"" 8GB RAM 256GB SSD Windows 10 HDMI']",['Very Good - Refurbished'],189.09,['false'],['701'],['PC Laptops & Netbooks'],['true'],189.09,['2'],['false'],0.0,['false'],0.0,0.0
['Lenovo ThinkPad Yoga 11e Intel Core m3 CPU 8GB RAM 128GB SSD Win10 FAST C-GRADE!'],['Used'],54.0,['false'],['464'],['PC Laptops & Netbooks'],['true'],54.0,['1'],['false'],0.0,['true'],0.0,0.0
"['ASUS - Vivobook 14"" Laptop - Intel Core i3-1215U with 8GB Memory - 128GB SSD ...']",['New'],429.99,['false'],['470'],['PC Laptops & Netbooks'],['true'],429.99,['2'],['true'],0.0,['false'],0.0,0.0
"['HP 11 G4 11.6"" Chromebook  Intel 2.16 GHz 4GB RAM 16GB SSD HDMI USB Bumper']",['Used'],35.99,['false'],['331'],['PC Laptops & Netbooks'],['true'],35.99,['1'],['false'],0.0,['true'],0.0,0.0
['Lenovo N23 Winbook Laptop Intel 1.60 GHz 4GB Memory 64GB HD Touchscreen Win 10'],['Very Good - Refurbished'],89.99,['true'],['225'],['PC Laptops & Netbooks'],['true'],89.99,['1'],['false'],0.0,['true'],0.0,0.0
['Dell Latitude 5480 Laptop Intel Core i5 8GB RAM 128GB SSD Windows 11'],['Used'],94.0,['false'],['297'],['PC Laptops & Netbooks'],['true'],94.0,['1'],['false'],0.0,['true'],0.0,0.0
"['Dell Latitude 5430 i5-1245U 2.5GHz 8.0GB 256GB Win 11 Pro Laptop Notebook PC 14""']",['Used'],239.99,['false'],['6'],['PC Laptops & Netbooks'],['true'],239.99,['1'],['false'],0.0,['false'],0.0,0.0
"['Dell Inspiron 15 3520 15.6"" 12th Gen Intel® Core™ i7-1255U 512 GB SSD 16 GB DDR4']",['New'],599.99,['false'],['336'],['PC Laptops & Netbooks'],['true'],449.99,['3'],['false'],0.0,['false'],150.0,25.000416673611227
"['Dell Latitude 3189 11.6"" 2-in-1 Touch Laptop Celeron 4GB 64GB SSD Windows 11 !!!']",['Used'],73.0,['false'],['5806'],['PC Laptops & Netbooks'],['true'],73.0,['1'],['false'],0.0,['true'],0.0,0.0
"['ASUS 14"" FHD Laptop - Intel Pentium N6000 with 4GB Memory - 64GB eMMC - Star ...']",['New'],229.99,['false'],['45'],['PC Laptops & Netbooks'],['true'],119.99,['2'],['true'],0.0,['false'],110.00000000000001,47.828166442019224
['Acer Chromebook  Spin 11 R751T-C4XP N3350 1.1Ghz 4GB 32GB SSD (SEE PHOTOS)'],['Used'],34.0,['false'],['273'],['PC Laptops & Netbooks'],['false'],34.0,['3'],['false'],0.0,['false'],0.0,0.0
"['Lenovo Thinkpad L14 G3 14"" Touch Laptop Ryzen 5 PRO 5675U 16GB 512GB SSD W11H']",['Certified - Refurbished'],494.99,['false'],['494'],['PC Laptops & Netbooks'],['true'],329.99,['2'],['false'],0.0,['false'],165.0,33.33400674761106
['HP ProBook 450 G2 i5-5200U CPU@2.2GHz 8GB RAM 500GB HD H647'],['Used'],79.99,['false'],['16'],['PC Laptops & Netbooks'],['true'],79.99,['2'],['false'],0.0,['false'],0.0,0.0
['HP EliteBook 830 G7 FHD Laptop Intel Core i7-10610U 32GB RAM 256GB SSD Win11 Pro'],['Certified - Refurbished'],759.98,['false'],['172'],['PC Laptops & Netbooks'],['true'],299.89,['1'],['false'],0.0,['true'],460.09000000000003,60.539751046080156
"['Lenovo - IdeaPad Slim 3 Chromebook Laptop - 14"" FHD Touchscreen Laptop - Medi...']",['New'],319.0,['false'],['323'],['PC Laptops & Netbooks'],['true'],169.0,['2'],['true'],0.0,['false'],150.0,47.02194357366771
"['Getac V110 11.6"" Rugged Touch Screen Laptop I5 8GB RAM 128 SSD - USED (CC)']",['Used'],100.0,['false'],['84'],['PC Laptops & Netbooks'],['true'],100.0,['2'],['false'],0.0,['false'],0.0,0.0
"['Lenovo Thinkpad L13 Yoga G2 13"" Touchscreen Core i5-1145G7 16GB 256GB SSD W10P']",['Certified - Refurbished'],449.99,['false'],['122'],['PC Laptops & Netbooks'],['true'],299.99,['2'],['false'],0.0,['false'],150.0,33.334074090535346
['Microsoft Surface Pro 4 Intel Core i5-6300U 2.4GHz 4GB RAM 128GB SSD - See Desc.'],['Used'],72.9,['false'],['252'],['PC Laptops & Netbooks'],['false'],72.9,['1'],['false'],0.0,['false'],0.0,0.0
"['Dell Latitude 5490 14"" Laptop Intel Core i5 8GB RAM 128GB SSD Windows 11']",['Used'],105.0,['false'],['35'],['PC Laptops & Netbooks'],['true'],105.0,['1'],['false'],0.0,['true'],0.0,0.0
"['HP ELITEBOOK 840 G6 14"" Intel Core i5-8365U 1.60GHz 16GB RAM 256GB NVMe']",['Used'],169.99,['false'],['55'],['PC Laptops & Netbooks'],['true'],169.99,['2'],['false'],0.0,['false'],0.0,0.0
"['ASUS - TUF 15.6"" Gaming Laptop - Intel Core i7 with 16GB Memory - NVIDIA GeFo...']",['New'],1399.99,['false'],['1037'],['PC Laptops & Netbooks'],['true'],999.99,['2'],['true'],0.0,['false'],400.0,28.571632654518957
"['Laptop Dell Latitude 5410 14"" i5-10210U RAM 16GB, SSD 512GB  Win11Pro - Cam']",['Used'],159.12,['false'],['47'],['PC Laptops & Netbooks'],['true'],159.12,['3'],['false'],6.0,['false'],0.0,0.0
"['HP EliteBook 840 G3 14"" i5 - 8GB DDR4 256GB /512GB SSD Silver-C']",['Used'],86.0,['true'],['6'],['PC Laptops & Netbooks'],['true'],86.0,['1'],['false'],0.0,['true'],0.0,0.0
"['Lenovo ThinkPad T14s Gen 1 14"" Core i5 16GB SSD 256GB Black 2020 - Used Good']",['Used'],154.99,['false'],['358'],['PC Laptops & Netbooks'],['true'],154.99,['1'],['false'],0.0,['true'],0.0,0.0
"['Getac V110 G3 11.6"" Touchscreen Laptop i5-6200U 2.3GHz 8GB 128GB SSD W10']",['Used'],150.0,['false'],['19'],['PC Laptops & Netbooks'],['true'],150.0,['0'],['false'],0.0,['true'],0.0,0.0
"['HP EliteBook 830 G8 13.3"" FHD TS Laptop Intel i7-1185G7 3 GHz 32GB 512GB W11P']",['Certified - Refurbished'],1299.99,['false'],['1888'],['PC Laptops & Netbooks'],['true'],359.99,['1'],['true'],0.0,['true'],940.0,72.30824852498866
['Dell Latitude LAPTOP 14” HD NOTEBOOK PC i5-8265U UP TO 32GB 2TB M.2 WIN 10 OR 11'],['Used'],159.0,['true'],['5'],['PC Laptops & Netbooks'],['true'],159.0,['3'],['false'],0.0,['false'],0.0,0.0
"['Dell Latitude 5410 14"" Laptop Core i5 4-Core 16GB RAM 256GB SSD Windows 11 Pro']",['Excellent - Refurbished'],239.75,['false'],['1130'],['PC Laptops & Netbooks'],['true'],239.75,['2'],['false'],0.0,['false'],0.0,0.0
"['HP Elitebook 830 G8 13.3"" FHD TS Laptop Intel i7-1185G7 3GHz 32GB 512GB W11P']",['Excellent - Refurbished'],499.99,['false'],['173'],['PC Laptops & Netbooks'],['true'],339.99,['1'],['false'],0.0,['true'],160.0,32.00064001280026
"['Lenovo ThinkPad X1 Carbon Gen 9 14"" Laptop Intel i7-1185G7 16GB 256GB SSD W11P']",['Certified - Refurbished'],667.49,['false'],['67'],['PC Laptops & Netbooks'],['true'],434.99,['2'],['false'],0.0,['false'],232.5,34.83198250161051
"['Lenovo Ideapad 1 15Amn7 15.6"" Laptop Ryzen 3 7320U 8GB 256GB SSD W11H-64']",['Certified - Refurbished'],314.99,['false'],['551'],['PC Laptops & Netbooks'],['true'],204.99,['2'],['false'],0.0,['false'],110.0,34.9217435474142
"['Acer CB514 14"" Laptop Touch 8GB 512GB Intel i3-N305 1.8GHz Certified Refurbished']",['Certified - Refurbished'],399.99,['false'],['341'],['PC Laptops & Netbooks'],['true'],181.99,['3'],['false'],0.0,['false'],218.0,54.50136253406335
"['HP EliteBook 820 G4 Laptop Computer 12.5"" Core i5 8GB RAM 128GB SSD Windows 10']",['Very Good - Refurbished'],795.0,['false'],['7982'],['PC Laptops & Netbooks'],['true'],128.14,['2'],['false'],0.0,['false'],666.86,83.88176100628931
"['Acer Chromebook 315 Laptop 15.6"" 4GB 64GB Intel N4500 1.10GHz - Good Condition']",['Good - Refurbished'],199.0,['false'],['86'],['PC Laptops & Netbooks'],['true'],76.89,['3'],['false'],0.0,['false'],122.11,61.36180904522613
['SGIN 15.6 Inch Laptop 8GB DDR4 256GB SSD Windows 11 Quad-Core IPS FHD Computer'],['New'],189.0,['false'],['301'],['PC Laptops & Netbooks'],['true'],189.0,['1'],['false'],0.0,['false'],0.0,0.0
"['2024 Lenovo IdeaPad Laptop Notebook 15.6""  Intel Processor Upto 20GB RAM 1TB SSD']",['New'],229.0,['true'],['41'],['PC Laptops & Netbooks'],['true'],229.0,['1'],['false'],0.0,['true'],0.0,0.0
['Dell Latitude 5420 Laptop 14 FHD Intel Core i5 1145G7 32GB 512GB SSD Win 11 Pro'],['Excellent - Refurbished'],799.0,['false'],['42'],['PC Laptops & Netbooks'],['true'],279.99,['0'],['false'],0.0,['true'],519.01,64.95744680851064
"['Samsung - Galaxy Book4 15.6"" FHD Laptop - Intel Core 7- 16GB Memory - 512GB S...']",['New'],899.99,['false'],['458'],['PC Laptops & Netbooks'],['true'],529.99,['2'],['true'],0.0,['false'],370.0,41.11156790631007
"['~OVERSTOCK~ 15.6"" HP ProBook Laptop: Intel i3! 16GB RAM~1TB Storage! Windows 10!']",['Good - Refurbished'],149.99,['false'],['49'],['PC Laptops & Netbooks'],['true'],149.99,['0'],['false'],0.0,['true'],0.0,0.0
"['TouchScreen Acer Chromebook C738T 360 hinge 11.6"" Intel 1.6GHZ 4GB 16GB - Good']",['Good - Refurbished'],399.99,['false'],['8531'],['PC Laptops & Netbooks'],['true'],54.99,['0'],['false'],0.0,['true'],345.0,86.2521563039076
['Dell Latitude 5411 14” FHD Laptop Core i5 4.6GHz 16GB RAM 512GB SSD Windows 11'],['Excellent - Refurbished'],250.84,['false'],['157'],['PC Laptops & Netbooks'],['true'],250.84,['2'],['false'],0.0,['false'],0.0,0.0
"['Acer 315 Chromebook 15.6"" 64GB Intel Celeron N4500 1.1GHz Certified Refurbished']",['Certified - Refurbished'],279.99,['false'],['1021'],['PC Laptops & Netbooks'],['true'],99.99,['3'],['false'],0.0,['false'],180.0,64.28801028608164
['Dell Chromebook Laptop Intel 2.6 GHz CPU 4GB Memory 32GB HD Bluetooth Wifi 2021'],['Good - Refurbished'],79.99,['true'],['797'],['PC Laptops & Netbooks'],['true'],79.99,['1'],['false'],0.0,['true'],0.0,0.0
['ASUS - Zenbook 14 OLED 14WUXGA Touch Screen Laptop - Intel Core Ultra 5 wit...'],['New'],799.99,['false'],['355'],['PC Laptops & Netbooks'],['true'],499.99,['2'],['true'],0.0,['false'],300.0,37.500468755859444
['Dell Latitude 3410 14” Full HD Laptop PC Core i5 16GB RAM 512GB SSD Windows 11'],['Excellent - Refurbished'],249.2,['false'],['475'],['PC Laptops & Netbooks'],['true'],249.2,['2'],['false'],0.0,['false'],0.0,0.0
"['Lenovo IdeaPad Slim 5 Laptop, 16"" IPS  60Hz, Ryzen 5 8645HS, 16GB, 512GB SSD']",['New'],839.99,['false'],['196'],['PC Laptops & Netbooks'],['true'],599.99,['2'],['false'],0.0,['false'],240.0,28.57176871153228
"['Acer Aspire 3 Laptop 15.6"" 1TB AMD Ryzen 5 7520U 2.8GHz Certified Reburbished']",['Certified - Refurbished'],499.99,['false'],['573'],['PC Laptops & Netbooks'],['true'],300.29,['3'],['false'],0.0,['false'],199.7,39.940798815976315
"['Lenovo - LOQ 15.6"" Gaming Laptop FHD - AMD Ryzen 5 7235HS with 12GB Memory - ...']",['New'],799.99,['false'],['361'],['PC Laptops & Netbooks'],['true'],799.99,['2'],['true'],0.0,['false'],0.0,0.0
"['HP - 15.6"" Chromebook Laptop - Intel Processor N200 - 8GB Memory - 64GB eMMC ...']",['New'],399.0,['false'],['145'],['PC Laptops & Netbooks'],['true'],179.0,['2'],['true'],0.0,['false'],220.0,55.13784461152882
['HP EliteBook X360 1040 G6 Laptop 14” Touch Core i5 16GB RAM 256GB SSD Windows 11'],['Excellent - Refurbished'],238.41,['false'],['633'],['PC Laptops & Netbooks'],['true'],238.41,['2'],['false'],0.0,['false'],0.0,0.0
"['Dell - Inspiron 15 15.6"" Touch Screen Laptop - Intel Core i5 with 8GB Memory ...']",['New'],629.99,['false'],['403'],['PC Laptops & Netbooks'],['true'],429.99,['2'],['true'],0.0,['false'],200.0,31.74653565929618
"['MSI - Cyborg 14"" 144Hz Gaming Laptop (FHD+) - Intel Core i7-13620H with 16GB ...']",['New'],1099.99,['false'],['233'],['PC Laptops & Netbooks'],['true'],749.99,['2'],['true'],0.0,['false'],350.0,31.81847107700979
"[""CHUWI 13.3'' Laptop Computer PC Windows 11 Home PC 2.7GHz 8GB 256GB HD WIFI""]",['New'],134.39,['false'],['929'],['PC Laptops & Netbooks'],['true'],134.39,['0'],['false'],0.0,['false'],0.0,0.0
"['HP 840 G3 14"" Laptop Intel i5-6300U 2.40GHz 16GB Ram 256GB SSD Intel HD 520 W10P']",['Excellent - Refurbished'],299.99,['false'],['533'],['PC Laptops & Netbooks'],['true'],149.99,['1'],['false'],0.0,['true'],150.0,50.00166672222407
"['Acer - Chromebook 315 - 15.6"" HD Laptop - Intel Pentium N6000 - 4GB LPDDR4X -...']",['New'],349.0,['false'],['78'],['PC Laptops & Netbooks'],['true'],129.0,['2'],['true'],0.0,['false'],220.0,63.03724928366762
"['ASUS VivoBook17.3” FHD Laptop, Intel Core i3-1115G4,8GB/256GB,Transparent silver']",['Certified - Refurbished'],399.99,['false'],['910'],['PC Laptops & Netbooks'],['true'],225.99,['1'],['false'],0.0,['false'],174.0,43.50108752718818
"['Acer Aspire 3 15.6"" Laptop 512GB AMD Ryzen 7 5700U 1.8GHz Certified Refurbished']",['Certified - Refurbished'],599.99,['false'],['578'],['PC Laptops & Netbooks'],['true'],309.39,['3'],['false'],0.0,['false'],290.6,48.434140569009486
"['2023 ASUS Zenbook UM3402YA 14"" 2.8K OLED Touch Laptop Ryzen5 7530U 8GB 256GB W11']",['Certified - Refurbished'],949.99,['false'],['1573'],['PC Laptops & Netbooks'],['true'],375.0,['1'],['true'],0.0,['true'],574.99,60.525900272634445
"['Acer Chromebook3 Laptop 15.6"" 4GB 64GB Intel N4500 1.10GHz Certified Refurbished']",['Certified - Refurbished'],199.0,['false'],['148'],['PC Laptops & Netbooks'],['true'],90.99,['3'],['false'],0.0,['false'],108.01,54.276381909547744
"['Microsoft Surface Book 2 i5 8GB RAM 256GB SSD 13.5""  3000x2000 W10-READ']",['Good - Refurbished'],139.0,['false'],['29'],['PC Laptops & Netbooks'],['true'],139.0,['0'],['false'],0.0,['true'],0.0,0.0
['windows 11 laptop with MS office '],['Used'],109.0,['false'],['16'],['PC Laptops & Netbooks'],['false'],109.0,['3'],['false'],0.0,['false'],0.0,0.0
"['Lenovo ThinkPad T480 14"" FHD i5 8350u 16GB 512gb NVME WIFI CAM WIN 11 PRO laptop']",['Excellent - Refurbished'],244.99,['false'],['621'],['PC Laptops & Netbooks'],['true'],244.99,['2'],['false'],0.0,['false'],0.0,0.0
['Lenovo 100W Gen 3 Laptop – Open BOX – Model 82HY – WIN 11'],['Open box'],99.0,['false'],['34'],['PC Laptops & Netbooks'],['true'],99.0,['1'],['false'],0.0,['false'],0.0,0.0
"['Lenovo Laptop PC Computer 11.6"" Windows 10 Intel 4GB RAM 64GB SSD WiFi']",['Very Good - Refurbished'],92.56,['false'],['851'],['PC Laptops & Netbooks'],['true'],92.56,['2'],['false'],0.0,['false'],0.0,0.0
['HP ProBook Laptop PC 14 Core i5 16GB RAM 512GB Windows 11 Pro TOUCHSCREEN OFFICE'],['Used'],599.88,['false'],['181'],['PC Laptops & Netbooks'],['true'],599.88,['3'],['false'],0.0,['false'],0.0,0.0
"['Acer Aspire 3 - 15.6"" Laptop AMD Ryzen 7 5700U 1.80GHz 16GB RAM 512GB SSD W11H']",['Used'],599.99,['false'],['101'],['PC Laptops & Netbooks'],['true'],261.43,['3'],['false'],0.0,['false'],338.56,56.42760712678545
"['SGIN 15.6"" FHD Laptop Intel Celeron Quad-Core with 12GB Memory 1024GB eMMC 1080P']",['New'],209.0,['false'],['388'],['PC Laptops & Netbooks'],['true'],209.0,['3'],['true'],0.0,['false'],0.0,0.0
['Dell Latitude 2-in-1 5289 Core i5-7200U 8GB RAM 256GB SSD Windows 11 Touchscreen'],['Used'],149.0,['false'],['319'],['PC Laptops & Netbooks'],['true'],149.0,['2'],['false'],0.0,['false'],0.0,0.0
"['HP 17.3"" FHD Notebook AMD Ryzen 5 7430U 8GB RAM 256GB SSD Natural Silver']",['New'],599.99,['false'],['1073'],['PC Laptops & Netbooks'],['true'],349.99,['2'],['false'],0.0,['false'],250.0,41.66736112268538
"['Acer Aspire 3 - 15.6"" Touchscreen Laptop AMD Ryzen 5 7520U 2.80GHz 16GB 1TB W11H']",['Certified - Refurbished'],499.99,['false'],['505'],['PC Laptops & Netbooks'],['true'],327.59,['3'],['false'],0.0,['false'],172.40000000000003,34.48068961379228
"['Lenovo chromebook 11.6"" Intel 1.60 GHz 4 GB RAM 16 GB eMMC Bluetooth Webcam SD']",['Very Good - Refurbished'],79.99,['true'],['1066'],['PC Laptops & Netbooks'],['true'],79.99,['1'],['false'],0.0,['true'],0.0,0.0
['Lenovo ThinkPad T14 Laptop 14” FHD Core i5-1135G7 32GB RAM 1TB SSD Windows 11'],['Excellent - Refurbished'],449.54,['false'],['280'],['PC Laptops & Netbooks'],['true'],449.54,['2'],['false'],0.0,['false'],0.0,0.0
"['Microsoft Surface Pro 5 1807 12.3"" i5-7300U 2.60GHz 8GB RAM 256GB SSD LTE W10P G']",['Good - Refurbished'],149.99,['false'],['187'],['PC Laptops & Netbooks'],['true'],149.99,['1'],['false'],0.0,['true'],0.0,0.0
"['Windows 11 PRO Laptop Notebook PC Computer, 8GB Ram, Webcam, Wifi, and HDMI']",['Used'],166.0,['false'],['1280'],['PC Laptops & Netbooks'],['true'],166.0,['1'],['false'],0.0,['false'],0.0,0.0
"['Acer Chromebook CB715-1W 15.6” (128GB SSD, Intel Core i3-8130U, 2.2GHz, 8GB RAM)']",['Used'],89.95,['false'],['21'],['PC Laptops & Netbooks'],['true'],89.95,['1'],['false'],0.0,['true'],0.0,0.0
"['Acer Aspire 3 - 15.6"" Laptop Intel Core i3-1215U 3.30GHz 8GB RAM 256GB SSD W11H']",['Certified - Refurbished'],399.99,['false'],['137'],['PC Laptops & Netbooks'],['true'],229.31,['1'],['false'],0.0,['true'],170.68,42.67106677666942
"['SGIN 17.3"" Laptop 8GB RAM 256GB SSD Celeron Quad-Core Up to 2.6GHz HD 1080P']",['New'],225.0,['false'],['100'],['PC Laptops & Netbooks'],['true'],225.0,['3'],['false'],0.0,['false'],0.0,0.0
['Dell Inspiron 15.6 Touchscreen Laptop Ryzen 7 7730U 16GB 512GB SSD i3535-A813BLK'],['Open box'],319.0,['false'],['61'],['PC Laptops & Netbooks'],['true'],319.0,['1'],['false'],0.0,['false'],0.0,0.0
"['HP Elitebook X360 1040 G6, 14"", i7-8665U, 16GB RAM, 512GB SSD, Touch, (Renewed)']",['Excellent - Refurbished'],3549.0,['false'],['343'],['PC Laptops & Netbooks'],['true'],310.0,['2'],['false'],0.0,['false'],3239.0,91.26514511129896
['HP Victus 15.6 144Hz Gaming Laptop Intel i7-13620H 16GB RAM 512GB SSD RTX 4060'],['New'],1299.99,['false'],['523'],['PC Laptops & Netbooks'],['true'],859.99,['2'],['false'],0.0,['false'],440.0,33.84641420318618
['ASUS C202 Chromebook Celeron N3060 1.6GHz 4GB RAM 16GB SSD w/charger'],['Used'],29.99,['false'],['2240'],['PC Laptops & Netbooks'],['true'],29.99,['1'],['false'],0.0,['true'],0.0,0.0
"['NEW HP 15.6"" Full HD Intel Core i3 8GB 256GB SSD Windows 11 Laptop Bundle']",['New'],479.99,['false'],['13011'],['PC Laptops & Netbooks'],['true'],299.99,['1'],['true'],0.0,['true'],180.0,37.50078126627638
"['HP - 14"" Chromebook Laptop - Intel Celeron - 4GB Memory - 64GB eMMC - Modern ...']",['New'],299.0,['false'],['86'],['PC Laptops & Netbooks'],['true'],299.0,['2'],['true'],0.0,['false'],0.0,0.0
"['Dell Latitude 5400 14"" Chromebook P98G005 w/Cel 2.20GHz/4GB/128GB - Used']",['Used'],39.0,['false'],['57'],['PC Laptops & Netbooks'],['true'],39.0,['1'],['false'],0.0,['false'],0.0,0.0
"['Lenovo Laptop PC Computer 11.6"" Intel Celeron Windows 10 4GB RAM 64GB SSD WiFi']",['Very Good - Refurbished'],82.62,['false'],['1720'],['PC Laptops & Netbooks'],['true'],82.62,['2'],['false'],0.0,['false'],0.0,0.0
"['SGIN 15.6"" Laptop 12GB RAM 512GB SSD Intel Celeron Quad-Core 1080P Up to 2.9 GHz']",['New'],189.0,['false'],['109'],['PC Laptops & Netbooks'],['true'],189.0,['3'],['false'],0.0,['false'],0.0,0.0
['Samsung Galaxy S21 5G SM-G991U 128GB 256GB Unlocked Very Good Refurbished'],['Very Good - Refurbished'],164.95,['true'],['1380'],['Cell Phones & Smartphones'],['true'],164.95,['1'],['true'],0.0,['true'],0.0,0.0
['BLU C5L Max (C0170WW) 16GB / 32GB (GSM Unlocked) Dual SIM Android Smartphone'],['Used'],30.99,['true'],['83'],['Cell Phones & Smartphones'],['true'],30.99,['0'],['false'],0.0,['true'],0.0,0.0
['Samsung Galaxy S21 Ultra 5G 128GB G998U Unlocked - Excellent'],['Excellent - Refurbished'],264.99,['true'],['3464'],['Cell Phones & Smartphones'],['true'],264.99,['0'],['false'],0.0,['true'],0.0,0.0
['Apple iPhone 8 - 64 GB - Space Gray (Unlocked)'],['Used'],67.5,['false'],['9'],['Cell Phones & Smartphones'],['true'],67.5,['1'],['false'],0.0,['true'],0.0,0.0
['Samsung Galaxy S22 | S22+ 5G 128GB - Factory Unlocked Smartphone - New in Box'],['New'],298.0,['true'],['174'],['Cell Phones & Smartphones'],['true'],298.0,['1'],['true'],0.0,['true'],0.0,0.0
['Apple iPhone SE 3rd Gen 64GB Unlocked -* Red-G'],['Used'],120.99,['false'],['71'],['Cell Phones & Smartphones'],['true'],120.99,['3'],['false'],0.0,['false'],0.0,0.0
"['Motorola Moto Edge 5G 2022 XT2205-1 128GB T-Mobile/Unlocked, Excellent - Read']",['Used'],86.99,['true'],['137'],['Cell Phones & Smartphones'],['true'],86.99,['1'],['false'],0.0,['true'],0.0,0.0
['Samsung Galaxy S21 Ultra 5G 128GB G998U Unlocked - Good'],['Good - Refurbished'],232.99,['true'],['5999'],['Cell Phones & Smartphones'],['true'],232.99,['0'],['false'],0.0,['true'],0.0,0.0
['Samsung Galaxy Z Fold4 512GB F936U Unlocked - Excellent'],['Excellent - Refurbished'],1799.99,['true'],['501'],['Cell Phones & Smartphones'],['true'],469.99,['0'],['false'],0.0,['true'],1330.0,73.88929938499659
['SanDisk Micro SD Card 16GB 32GB 64GB 128GB TF Class 10 for Smartphones Tablets '],['New'],5.2,['true'],['752'],['Memory Cards'],['true'],5.2,['0'],['false'],0.0,['false'],0.0,0.0
['Motorola Moto G 5G (2024) XT2417-4 Unlocked (Any Carrier) 128GB 50MP SmartPhone'],['Open box'],114.99,['false'],['112'],['Cell Phones & Smartphones'],['true'],114.99,['1'],['false'],0.0,['true'],0.0,0.0
['Google Pixel 6 | 6a | 6 Pro - 128 GB (Unlocked) AT&T Metro T-Mobile Verizon'],['Very Good - Refurbished'],149.95,['true'],['545'],['Cell Phones & Smartphones'],['true'],149.95,['1'],['false'],0.0,['true'],0.0,0.0
['Fair Condition - Samsung Galaxy XCover Pro 64GB (Verizon) Dual SIM - Free Ship'],['Used'],33.99,['false'],['18'],['Cell Phones & Smartphones'],['true'],33.99,['2'],['false'],0.0,['false'],0.0,0.0
['Unlocked Phone 4G LTE | Finger Print Android 11  | 2022 Model'],['New'],29.99,['false'],['1504'],['Cell Phones & Smartphones'],['true'],29.99,['0'],['false'],0.0,['true'],0.0,0.0
['Motorola Moto One 5G XT2075-1 Verizon Unlocked 128GB Oxford Blue C'],['Used'],59.99,['false'],['183'],['Cell Phones & Smartphones'],['true'],59.99,['1'],['true'],0.0,['true'],0.0,0.0
['Apple iPhone 5c - 8GB 16GB 32GB - ALL COLORS Unlocked AT&T T-Mobile'],['Used'],29.0,['true'],['915'],['Cell Phones & Smartphones'],['true'],29.0,['1'],['true'],0.0,['false'],0.0,0.0
['BRAND NEW Samsung Galaxy A15 5G - 64GB - Black (T-Mobile) ONLY'],['New'],99.99,['false'],['5'],['Cell Phones & Smartphones'],['false'],99.99,['1'],['false'],0.0,['false'],0.0,0.0
['Motorola Moto G14 Dual SIM (4/128GB) | Android 13 *International* - Steel Gray'],['Used'],98.89,['false'],['12'],['Cell Phones & Smartphones'],['true'],69.99,['0'],['false'],0.0,['true'],28.900000000000006,29.22439073718273
['Google Pixel 6  128GB UNLOCKED FOR ALL CARRIERS - GOOD CONDITION'],['Good - Refurbished'],139.99,['true'],['43'],['Cell Phones & Smartphones'],['true'],139.99,['0'],['true'],0.0,['true'],0.0,0.0
['Apple iPhone 12 mini - 64 GB - White (Fully Unlocked)'],['Used'],199.94,['false'],['3114'],['Cell Phones & Smartphones'],['true'],199.94,['1'],['false'],0.0,['true'],0.0,0.0
"['TCL 20S 6.67"" T7730 128GB  4G LTE + GSM Factory Unlocked Smartphone Open Box']",['Open box'],69.99,['true'],['127'],['Cell Phones & Smartphones'],['true'],69.99,['1'],['true'],0.0,['true'],0.0,0.0
['✨✨NEW Samsung Galaxy S10e SM-G970U 128GB / 256GB - UNLOCKED Smartphone SEALED✨✨'],['New'],157.99,['true'],['417'],['Cell Phones & Smartphones'],['true'],157.99,['1'],['false'],0.0,['true'],0.0,0.0
['Motorola Moto Edge 5G 256GB (XT2141-1) Unlocked Royal Blue - Smartphone'],['Used'],119.99,['false'],['83'],['Cell Phones & Smartphones'],['true'],119.99,['1'],['false'],0.0,['true'],0.0,0.0
['Apple iPhone 14 Pro Max 256GB Unlocked Very Good Condition'],['Very Good - Refurbished'],1199.0,['true'],['1178'],['Cell Phones & Smartphones'],['true'],549.99,['1'],['true'],0.0,['true'],649.01,54.12927439532944
['New S24 Ultra Factory Unlocked 7.3 Smartphone 5G Android 13 RAM 6GB ROM128G Gift'],['New'],139.99,['true'],['139'],['Cell Phones & Smartphones'],['true'],139.99,['5'],['false'],0.0,['false'],0.0,0.0
['Google Pixel - 32GB 128GB - ALL COLORS (Unlocked) Unlimited Backup'],['Used'],74.99,['true'],['81'],['Cell Phones & Smartphones'],['true'],74.99,['1'],['true'],0.0,['false'],0.0,0.0
['Samsung Galaxy S21 Plus S21+ 5G SM-G996U1 128GB 256GB Unlocked Good'],['Used'],168.95,['true'],['35'],['Cell Phones & Smartphones'],['true'],168.95,['1'],['true'],0.0,['true'],0.0,0.0
['Samsung Galaxy A13 5G (A136U) - 64GB GSM Unlocked Smartphone - Black (New)'],['New'],109.99,['false'],['612'],['Cell Phones & Smartphones'],['true'],109.99,['1'],['true'],0.0,['true'],0.0,0.0
['Samsung Galaxy A15 5G SM-A156U 128GB Black Smartphone - Excellent'],['Excellent - Refurbished'],89.0,['true'],['24'],['Cell Phones & Smartphones'],['true'],89.0,['2'],['false'],0.0,['false'],0.0,0.0
['New Sealed Samsung Galaxy S21 Ultra 5G SM-G998U 128GB/256GB Unlocked Smartphone'],['New'],298.66,['true'],['89'],['Cell Phones & Smartphones'],['true'],298.66,['1'],['false'],0.0,['true'],0.0,0.0
['PHONE 2024 Android Cheap Cell Phone Unlocked Smartphone Dual SIM Quad Core GPS'],['New'],59.99,['false'],['802'],['Cell Phones & Smartphones'],['true'],59.99,['1'],['false'],0.0,['true'],0.0,0.0
['Xiaomi Redmi Note 13 4G Midnight Black 6gb - 128gb - Factory Unlocked'],['New'],122.74,['false'],['6'],['Cell Phones & Smartphones'],['false'],122.74,['0'],['false'],0.0,['false'],0.0,0.0
"['New i15 Pro Max 6.5"" Android Smartphone 128GB 4G GSM Global Unlocked Cell Phone']",['New'],109.99,['true'],['461'],['Cell Phones & Smartphones'],['true'],109.99,['1'],['false'],0.0,['true'],0.0,0.0
['Google Pixel 7a | 7 | 7 Pro - 128GB 256GB 512GB - Unlocked - Smartphone'],['Good - Refurbished'],219.95,['true'],['37'],['Cell Phones & Smartphones'],['true'],219.95,['1'],['false'],0.0,['true'],0.0,0.0
['NEW Samsung Galaxy S20+ PLUS G986U 12+128GB Unlocked 5G Smartphone GSM+CDMA Cell'],['New'],212.99,['true'],['68'],['Cell Phones & Smartphones'],['true'],212.99,['3'],['false'],0.0,['false'],0.0,0.0
['2024 Factory Unlocked Android Cheap Cell Phone Smartphone Dual SIM USA Quad Core'],['New'],66.39,['false'],['4507'],['Cell Phones & Smartphones'],['true'],66.39,['1'],['false'],0.0,['true'],0.0,0.0
['Samsung Galaxy S22 Ultra 128GB S908U Unlocked - Excellent'],['Excellent - Refurbished'],374.99,['true'],['1003'],['Cell Phones & Smartphones'],['true'],374.99,['0'],['false'],0.0,['true'],0.0,0.0
['Motorola Moto G Play (2023) XT2271 32GB Blue Smartphone - Excellent'],['Excellent - Refurbished'],33.77,['true'],['77'],['Cell Phones & Smartphones'],['true'],33.77,['2'],['false'],0.0,['false'],0.0,0.0
"['New Android S25 Ultra 7.3"" HD Smartphone 5G Unlocked 16GB+512GB 48MP Camera']",['New'],121.99,['true'],['100'],['Cell Phone & Smartphone Parts'],['true'],121.99,['5'],['false'],0.0,['false'],0.0,0.0
['New Sealed Samsung Galaxy S21 Ultra 5G 128GB/ 256GB SM-G998U Factory Unlocked'],['New'],299.29,['true'],['13'],['Cell Phones & Smartphones'],['true'],299.29,['1'],['false'],0.0,['true'],0.0,0.0
['Samsung Galaxy A12 SM-A125U 32GB Black Smartphone New Network Unlocked'],['New'],87.99,['false'],['60'],['Cell Phones & Smartphones'],['true'],87.99,['1'],['true'],0.0,['false'],0.0,0.0
['NEW Samsung Galaxy S20 5G 12+128GB SM-G981U UNLOCKED GSM+CDMA Smartphone Cell'],['New'],212.99,['true'],['249'],['Cell Phones & Smartphones'],['true'],212.99,['1'],['false'],0.0,['true'],0.0,0.0
['Google Pixel 7 Pro 256GB Unlocked - Excellent'],['Excellent - Refurbished'],284.99,['true'],['829'],['Cell Phones & Smartphones'],['true'],284.99,['0'],['false'],0.0,['true'],0.0,0.0
['Apple iPhone 14 Pro Max 128GB Network Unlocked Very Good Condition'],['Very Good - Refurbished'],529.99,['true'],['4413'],['Cell Phones & Smartphones'],['true'],529.99,['1'],['true'],0.0,['true'],0.0,0.0
['Motorola Moto G Pure (2021) 32GB XT2163 Unlocked Smartphone - Good Condition'],['Good - Refurbished'],199.99,['false'],['163'],['Cell Phones & Smartphones'],['true'],49.99,['1'],['false'],0.0,['true'],150.0,75.00375018750938
['Samsung Galaxy A51 Fully Unlocked  128GB - Very Good'],['Very Good - Refurbished'],100.0,['true'],['108'],['Cell Phones & Smartphones'],['true'],100.0,['0'],['true'],0.0,['true'],0.0,0.0
['NEW Samsung Galaxy S21 5G Smartphone SM-G991U Unlocked AT&T T-Mobile GSM+CDMA'],['New'],229.99,['true'],['211'],['Cell Phones & Smartphones'],['true'],229.99,['1'],['false'],0.0,['true'],0.0,0.0
['Apple iPhone 14 Pro Max 256GB Network Unlocked Excellent Condition'],['Excellent - Refurbished'],584.99,['true'],['4617'],['Cell Phones & Smartphones'],['true'],584.99,['1'],['true'],0.0,['true'],0.0,0.0
['Samsung Galaxy A51 - Fully Unlocked 128GB - Excellent'],['Very Good - Refurbished'],149.0,['true'],['16'],['Cell Phones & Smartphones'],['true'],104.0,['0'],['true'],0.0,['true'],45.0,30.201342281879196
['Samsung Galaxy A14 5G SM-A146U 64GB Black AT&T  Only - New Sealed/Unused'],['New'],79.0,['false'],['13'],['Cell Phones & Smartphones'],['false'],79.0,['2'],['false'],0.0,['false'],0.0,0.0
['Samsung Galaxy A14 5G SM-A146U 64GB Black Unlocked - Good'],['Good - Refurbished'],93.0,['false'],['285'],['Cell Phones & Smartphones'],['true'],93.0,['2'],['false'],0.0,['false'],0.0,0.0
['NEW UNLOCKED SAMSUNG GALAXY S21 5G SM-G991U ALL COLORS AND MEMORY GSM+CDMA'],['New'],236.88,['true'],['441'],['Cell Phones & Smartphones'],['true'],236.88,['1'],['false'],0.0,['true'],0.0,0.0
['Samsung Galaxy S21 5G SM-G991U1 128GB 256GB Unlocked Good Refurbished'],['Good - Refurbished'],174.95,['true'],['302'],['Cell Phones & Smartphones'],['true'],174.95,['1'],['true'],0.0,['true'],0.0,0.0
['Google Pixel 7 Pro 256GB Unlocked - Very Good'],['Very Good - Refurbished'],264.99,['true'],['361'],['Cell Phones & Smartphones'],['true'],264.99,['0'],['false'],0.0,['true'],0.0,0.0
['Google Pixel 6a 5G UW GX7AS - 128GB - Charcoal (Verizon Prepaid)'],['Open box'],113.98,['false'],['224'],['Cell Phones & Smartphones'],['true'],113.98,['0'],['false'],0.0,['true'],0.0,0.0
['Google Pixel 6a GX7AS - 128GB - AT&T/T-Mobile/Verizon Or Unlocked - Good!'],['Good - Refurbished'],114.99,['true'],['314'],['Cell Phones & Smartphones'],['true'],114.99,['0'],['true'],0.0,['true'],0.0,0.0
"['One RANDOM Smartphone for Scrap, Parts | Galaxy S22 Ultra, J3, HTC 10 All brands']",['For parts or not working'],9.99,['false'],['6'],['Cell Phones & Smartphones'],['false'],9.99,['1'],['false'],0.0,['false'],0.0,0.0
['Apple iPhone SE 3rd Gen 2022 Fully Unlocked GSM/CDMA 5G SmartPhone 64GB 128GB'],['Open box'],194.99,['true'],['882'],['Cell Phones & Smartphones'],['true'],194.99,['1'],['false'],0.0,['true'],0.0,0.0
['Motorola Moto G Stylus 5G  2024 - 128GB - Caramel Latte (Cricket Wireless)'],['New'],125.95,['false'],['69'],['Cell Phones & Smartphones'],['false'],125.95,['2'],['false'],0.0,['false'],0.0,0.0
['New Samsung Galaxy Note 20 Ultra 5G 128GB Factory Unlocked T-Mobile Att Verizon'],['New'],322.27,['true'],['70'],['Cell Phones & Smartphones'],['true'],322.27,['1'],['false'],0.0,['true'],0.0,0.0
"['Unlocked Smartphone G14 Pro Max 5G 6.8"" 4GB+128GB Android Cell Phone 5000mAh']",['New'],89.99,['true'],['269'],['Cell Phones & Smartphones'],['true'],89.99,['3'],['false'],0.0,['false'],0.0,0.0
['2024 New Android Factory Unlocked Cell Phone Cheap Smartphone Quad Core 2 SIM 4G'],['New'],58.8,['true'],['79'],['Cell Phones & Smartphones'],['true'],58.8,['1'],['false'],0.0,['true'],0.0,0.0
['NEW UNLOCKED SAMSUNG GALAXY NOTE 20 5G SM-N981U 128GB ALL COLORS/MEMORY GSM+CDMA'],['New'],248.88,['true'],['2336'],['Cell Phones & Smartphones'],['true'],248.88,['1'],['false'],0.0,['true'],0.0,0.0
['NEW Samsung Galaxy A54 5G SM-A546U 128GB Factory Unlocked Smartphone Cell Phone'],['New'],248.0,['false'],['207'],['Cell Phones & Smartphones'],['true'],248.0,['3'],['false'],0.0,['false'],0.0,0.0
['Samsung Galaxy S22 SM-S901U Unlocked 128GB Phantom Black Good'],['Good - Refurbished'],192.99,['false'],['633'],['Cell Phones & Smartphones'],['true'],192.99,['1'],['true'],0.0,['true'],0.0,0.0
['2.4GHz Wireless Optical Mouse &USB Receiver Adjustable DPI for PC Laptop Desktop'],['New'],8.99,['false'],['1589'],"['Mice, Trackballs & Touchpads']",['true'],8.99,['1'],['false'],0.0,['true'],0.0,0.0
"['Portable  Wireless Mouse,  2.4GHz Silent with USB Receiver, Optical USB Mouse']",['New'],7.95,['true'],['828'],"['Mice, Trackballs & Touchpads']",['true'],7.95,['1'],['false'],0.0,['true'],0.0,0.0
['Gaming Mouse 7 Button USB Wired LED Breathing Fire Button 3200 DPI Laptop PC'],['New'],7.95,['false'],['2896'],"['Mice, Trackballs & Touchpads']",['true'],7.95,['1'],['false'],0.0,['false'],0.0,0.0
['USB 2.0 Optical Wired Scroll Wheel Mouse  PC Laptop Notebook Desktop Black Mice'],['New'],4.99,['false'],['62'],"['Mice, Trackballs & Touchpads']",['true'],4.99,['6'],['false'],0.0,['false'],0.0,0.0
['2.4GHz Wireless Optical Mouse Mice & USB Receiver For PC Laptop Computer DPI USA'],['New'],6.89,['true'],['2673'],"['Mice, Trackballs & Touchpads']",['true'],6.89,['1'],['false'],0.0,['false'],0.0,0.0
['USB 2.0 Optical Wired Scroll Wheel Mouse PC Laptop Notebook Desktop Black Lot'],['New'],4.99,['true'],['23'],"['Mice, Trackballs & Touchpads']",['true'],4.99,['6'],['false'],0.0,['false'],0.0,0.0
['2.4GHz USB Wireless Optical Mouse Mice for Apple Mac Macbook Pro Air PC White'],['New'],5.95,['false'],['1271'],"['Mice, Trackballs & Touchpads']",['true'],5.95,['1'],['false'],0.0,['false'],0.0,0.0
['Wireless 2.4GHz Optical Mouse Mice & USB Receiver For PC Laptop Computer DPI NEW'],['New'],4.99,['true'],['19'],"['Mice, Trackballs & Touchpads']",['true'],4.99,['3'],['false'],0.0,['false'],0.0,0.0
['2 Wireless Optical Mouse Mice 2.4GHz USB Receiver For Laptop PC Computer DPI USA'],['New'],8.49,['true'],['455'],"['Mice, Trackballs & Touchpads']",['true'],8.49,['1'],['false'],0.0,['false'],0.0,0.0
['Razer Basilisk V3 Wired Optical Gaming Mouse with Chroma RBG Lighting - Black'],['New'],69.99,['false'],['6'],"['Mice, Trackballs & Touchpads']",['true'],33.13,['0'],['false'],0.0,['true'],36.85999999999999,52.66466638091155
['2.4GHz Wireless Optical Mouse USB Mouse DPI RGB Cordless Mice For PC Laptop'],['New'],4.0,['false'],['106'],"['Mice, Trackballs & Touchpads']",['true'],4.0,['3'],['false'],0.0,['false'],0.0,0.0
['2.4GHz Wireless Optical Mouse USB Rechargeable RGB Cordless Mice For PC Laptop'],['New'],7.85,['true'],['1572'],"['Mice, Trackballs & Touchpads']",['true'],7.85,['1'],['false'],0.0,['false'],0.0,0.0
['USB 2.0 Optical Wired Scroll Wheel Mouse  PC Laptop Notebook Desktop Black Mice'],['New'],4.99,['false'],['9'],"['Mice, Trackballs & Touchpads']",['true'],4.99,['6'],['false'],0.0,['false'],0.0,0.0
['Universal Wired USB 2.0 Optical Mouse Mice for PC Laptop Notebook Desktop Black'],['New'],4.98,['false'],['147'],"['Mice, Trackballs & Touchpads']",['true'],4.98,['1'],['false'],0.0,['true'],0.0,0.0
['Wireless 2.4GHz Optical Mouse Mice & USB Receiver For PC Laptop Computer DPI NEW'],['New'],3.99,['true'],['11'],"['Mice, Trackballs & Touchpads']",['true'],3.99,['3'],['false'],0.0,['false'],0.0,0.0
['Wireless Optical Mouse Mice 2.4GHz USB Receiver For Laptop PC Computer DPI USA'],['New'],3.99,['true'],['20'],"['Mice, Trackballs & Touchpads']",['true'],3.99,['3'],['false'],0.0,['false'],0.0,0.0
['TECKNET Wireless Mouse BT5.0/3.0 & 2.4G Rechargeable 4800 DPI Silent Mouse 8 ...'],['New'],10.99,['false'],['35'],"['Mice, Trackballs & Touchpads']",['true'],10.99,['3'],['false'],0.0,['false'],0.0,0.0
['Gaming Mouse Wireless USB Rechargeable 7 Color LED Backlight Optical Mice for PC'],['New'],18.98,['false'],['404'],"['Mice, Trackballs & Touchpads']",['true'],12.48,['1'],['false'],0.0,['true'],6.5,34.24657534246575
['NEW Original HP Wired USB Optical DPI: 800 Mouse Black - QY777AA FREE SHIPPING'],['New'],7.99,['false'],['1'],"['Mice, Trackballs & Touchpads']",['true'],7.99,['1'],['false'],0.0,['true'],0.0,0.0
['2 Wireless Optical Mouse Mice 2.4GHz USB Receiver For Laptop PC Computer DPI USA'],['New'],5.88,['true'],['50'],"['Mice, Trackballs & Touchpads']",['true'],5.88,['2'],['false'],0.0,['false'],0.0,0.0
['New Logitech M510 Wireless Laser Mouse for PC/MAC with Unifying Receiver - Gray'],['New'],19.99,['false'],['381'],"['Mice, Trackballs & Touchpads']",['true'],19.99,['0'],['false'],0.0,['true'],0.0,0.0
['NEW 2.4GHz Wireless Optical Mouse Mice & USB Receiver For PC Laptop Computer DPI'],['New'],4.99,['true'],['4'],"['Mice, Trackballs & Touchpads']",['true'],4.99,['3'],['false'],0.0,['false'],0.0,0.0
['Razer Basilisk V3 Wired Optical Gaming Mouse Chroma White RZ01-04000300'],['Certified - Refurbished'],49.99,['false'],['98'],"['Mice, Trackballs & Touchpads']",['true'],25.99,['1'],['false'],0.0,['true'],24.000000000000004,48.009601920384085
['2.4GHz Bluetooth Wireless Optical Mouse USB Rechargeable RGB Mice for PC Laptop'],['New'],7.9,['true'],['81'],"['Mice, Trackballs & Touchpads']",['true'],7.9,['2'],['false'],0.0,['false'],0.0,0.0
['Wireless Optical Mouse Mice 2.4GHz USB Receiver For Laptop PC Computer DPI lot'],['New'],5.88,['true'],['9'],"['Mice, Trackballs & Touchpads']",['true'],5.88,['3'],['false'],0.0,['false'],0.0,0.0
['Gaming Mouse LED Breathing Fire 4 Button Silent USB Wired 1600 DPI Laptop PC USA'],['New'],6.07,['true'],['717'],"['Mice, Trackballs & Touchpads']",['true'],6.07,['1'],['false'],0.0,['false'],0.0,0.0
['Ergonomic Optical Vertical Mouse 6 Keys USB Wireless Mice 2.4GHz 1600DPI for PC'],['New'],11.85,['false'],['253'],"['Mice, Trackballs & Touchpads']",['true'],11.85,['2'],['false'],0.0,['false'],0.0,0.0
['2.4GHz Wireless Optical Mouse Mice & USB Receiver For PC Laptop Computer DPI USA'],['New'],6.64,['true'],['101'],"['Mice, Trackballs & Touchpads']",['true'],6.64,['0'],['false'],0.0,['false'],0.0,0.0
['Logitech Wireless Mouse M185 Gray Bulk Packaging'],['Open box'],9.49,['false'],['156'],"['Mice, Trackballs & Touchpads']",['true'],9.49,['1'],['false'],0.0,['true'],0.0,0.0
['Razer - Basilisk V3 Wired Optical Gaming Mouse with Chroma RBG Lighting - White'],['New'],69.99,['false'],['6'],"['Mice, Trackballs & Touchpads']",['true'],37.99,['2'],['true'],0.0,['false'],31.999999999999993,45.72081725960851
['Gaming Mouse 7 Button USB Wired LED Breathing Fire Button 3200 DPI Laptop PC'],['New'],6.75,['false'],['70'],"['Mice, Trackballs & Touchpads']",['true'],6.75,['1'],['false'],0.0,['false'],0.0,0.0
"['PICTEK Wired Gaming Mouse, 8 Programmable Buttons, RGB Backlit, 7200 DPI, Ergono']",['New'],9.99,['false'],['4'],"['Mice, Trackballs & Touchpads']",['true'],9.99,['0'],['false'],0.0,['true'],0.0,0.0
['USB 2.0 Optical Wired Scroll Wheel Mouse  PC Laptop Notebook Desktop Black '],['New'],5.99,['true'],['2'],"['Mice, Trackballs & Touchpads']",['true'],5.99,['3'],['false'],0.0,['false'],0.0,0.0
['Lenovo Wired USB Mouse'],['New'],7.99,['false'],['950'],"['Mice, Trackballs & Touchpads']",['true'],7.99,['2'],['false'],0.0,['false'],0.0,0.0
['Wireless Mouse 2.4G Optical Cordless Mice Optical Scroll for PC Laptop Computer'],['New'],6.63,['false'],['325'],"['Mice, Trackballs & Touchpads']",['true'],6.63,['5'],['false'],0.0,['false'],0.0,0.0
['2.4GHz Wireless Optical Mouse Mice & USB Receiver For PC Laptop Computer DPI USA'],['New'],6.99,['true'],['17'],"['Mice, Trackballs & Touchpads']",['true'],6.99,['1'],['false'],0.0,['true'],0.0,0.0
